UserId,DisplayName,Reputation,CreationDate,LastAccessDate,UpVotes,DownVotes,QuestionCount,AnswerCount,TotalCommentCount
"439831","Varun Maddipati","79","2017-04-24 04:01:02","2018-08-24 11:49:11","0","0","2","0","16"
"425118","user425118","1","2017-03-13 11:22:48","2017-03-13 18:17:28","0","0","","",""
"1218827","Daniel Lima","1","2023-09-10 20:59:20","2023-09-17 00:45:08","0","0","1","0","5"
"1400734","Kenny Devine","1","2024-09-17 20:05:57","2024-09-18 01:06:19","0","0","","",""
"190931","Deduplicator","103","2014-11-08 20:09:50","2024-06-25 19:39:32","7","0","","",""
"1134690","Muniba Moona","1","2022-12-27 19:49:45","2022-12-27 19:49:45","0","0","","",""
"902183","Leonid Leopold Nkuba Jr.","1","2021-03-18 14:51:07","2021-09-23 13:10:25","0","0","1","0","4"
"348907","PMathur","1","2016-06-19 21:02:15","2018-02-21 16:26:19","0","0","","",""
"623412","Neto_Lozano","9","2018-12-06 04:49:08","2018-12-10 07:02:46","0","0","1","0","3"
"4820","niale","203","2010-12-16 16:06:37","2011-02-19 20:32:25","0","0","5","0","20"
"932000","Fasih Gardazi","1","2021-05-26 09:32:29","2024-07-27 09:38:10","0","0","","",""
"888775","Thomas Larsen","1","2021-02-17 16:37:21","2022-05-31 18:09:51","0","0","","",""
"843031","Coweii","1","2020-10-28 18:16:51","2021-01-13 04:53:13","0","0","","",""
"1315258","user1315258","1","2024-04-24 03:31:58","2024-04-24 04:12:33","0","0","","",""
"1342576","Muskan","1","2024-06-24 15:47:00","2024-06-24 15:47:00","0","0","","",""
"863010","Subwoofer","1","2020-12-16 10:12:43","2020-12-16 10:12:43","0","0","","",""
"573939","Richard Roberts","1","2018-07-04 01:35:03","2020-07-28 00:20:01","0","0","","",""
"939762","alp123","1","2021-06-10 21:25:06","2021-06-13 02:13:51","0","0","1","0","2"
"258313","Michael D. Moffitt","101","2015-08-01 20:36:42","2016-12-18 20:31:03","0","0","1","0","2"
"303243","rtime","197","2016-01-06 22:27:58","2024-09-17 09:13:18","38","0","6","0","18"
"878099","Helen Savage","1","2021-01-24 03:09:45","2021-01-24 03:09:45","0","0","","",""
"1143368","sheany","1","2023-01-26 02:30:57","2023-01-26 02:30:57","0","0","","",""
"984167","Χρηστος Κοιλανιτης","1","2021-10-24 17:14:54","2024-10-01 17:39:51","0","0","","",""
"1079612","Landg","1","2022-07-19 04:45:25","2024-11-14 01:07:44","0","0","0","1","0"
"1059058","Joshitmmajeedm","1","2022-05-18 12:26:55","2022-05-22 15:14:15","0","0","","",""
"947989","Shashank Singh","1","2021-07-07 10:23:49","2021-07-20 20:39:00","0","0","","",""
"750723","Harsh Shahi","1","2020-02-14 03:13:40","2021-11-19 18:43:16","0","0","","",""
"1400648","quptonsing","1","2024-09-17 17:52:38","2024-10-27 14:56:49","0","0","","",""
"437886","Branko B","31","2017-04-18 10:53:44","2022-02-27 01:19:36","0","0","0","1","0"
"1397550","José Silva","1","2024-09-14 00:17:06","2024-09-14 14:44:51","0","0","","",""
"1030963","Khu Tha Dzo","1","2022-02-28 15:42:46","2022-02-28 15:42:46","0","0","","",""
"1163157","OvettoNocciolato","23","2023-03-23 18:38:35","2024-02-03 14:59:27","1","0","1","0","0"
"671969","John Young","1","2019-05-07 18:11:54","2019-05-07 18:55:12","0","0","","",""
"79675","Livius","101","2013-05-27 10:26:17","2024-10-23 16:22:13","26","0","","",""
"1137326","Mariana Pinto","1","2023-01-06 11:41:05","2023-01-06 13:41:59","0","0","","",""
"1340117","Olaoluwa Oyewole","1","2024-06-20 20:11:17","2024-06-20 20:11:17","0","0","","",""
"99163","user99163","175","2013-10-06 16:23:03","2020-05-15 07:01:36","12","0","6","5","17"
"308696","Bishara","11","2016-01-28 06:22:17","2018-10-08 22:14:58","0","0","1","0","0"
"1422367","Bastian Hery","1","2024-10-05 07:42:36","2024-10-15 13:46:49","0","0","","",""
"144224","Darren","21","2014-04-19 12:34:17","2014-05-03 09:21:28","0","0","1","0","3"
"1033043","KWC","1","2022-03-06 12:36:40","2022-03-07 20:03:54","0","0","","",""
"996210","user1641677","1","2021-11-22 12:41:42","2024-11-16 15:42:50","0","0","","",""
"522794","Evergreen.F","11","2018-01-18 19:48:15","2024-11-15 14:31:18","0","0","0","1","0"
"1453488","Darian Barden Student","1","2024-10-28 15:34:56","2024-10-28 15:56:11","0","0","","",""
"316700","khey","13","2016-02-22 08:31:55","2016-02-24 16:27:04","0","0","1","1","4"
"490567","Yaaqoub Mathmatique Benmansour","1","2017-10-12 09:17:40","2018-03-29 22:18:54","0","0","","",""
"149304","Stephen Wynn","111","2014-05-11 10:07:19","2018-07-06 08:10:43","1","0","4","2","19"
"1462904","Bhagarathi Bagh","1","2024-11-05 05:02:32","2024-11-05 05:02:32","0","0","","",""
"202279","Janus De Bondt","101","2014-12-19 17:23:33","2021-09-01 14:36:25","6","0","","",""
"48954","atuljangra","1","2012-11-11 00:55:47","2016-08-28 05:25:43","0","0","","",""
"1360657","Sknova","1","2024-07-22 17:24:14","2024-08-20 17:57:38","0","0","","",""
"274643","LKS","143","2015-09-27 19:26:54","2019-07-15 05:14:00","4","0","4","0","4"
"1342773","Weston Waggoner","1","2024-06-24 22:57:08","2024-10-31 18:27:21","0","0","","",""
"433590","Some One","11","2017-04-07 18:54:01","2018-03-12 18:05:40","0","0","1","0","5"
"1376052","yuxuan fang","1","2024-08-16 14:53:58","2024-08-16 14:53:58","0","0","","",""
"1085183","Jesse LingLing","1","2022-08-09 23:56:15","2022-09-01 08:46:01","0","0","","",""
"1018208","Balansag Raquel","1","2022-01-24 14:51:55","2022-01-24 14:51:55","0","0","","",""
"724424","Huan Wu","1","2019-11-12 08:46:53","2020-11-25 12:07:55","0","0","1","0","6"
"1262963","Dashfast","27","2023-12-05 14:36:29","2024-07-30 08:22:44","0","0","3","0","4"
"782857","Sasi","1","2020-05-03 05:14:00","2020-05-03 05:14:00","0","0","","",""
"33935","johnwolfram","45","2012-06-17 20:52:53","2024-10-27 00:51:29","1","0","1","0","2"
"417209","Cdizzle","581","2017-02-17 05:41:38","2023-03-12 05:12:10","7","0","9","0","43"
"293984","user293984","21","2015-11-27 23:53:40","2016-01-02 16:43:46","0","0","0","1","0"
"1108310","Mecky Aaron","1","2022-10-17 13:17:13","2022-10-18 12:28:51","0","0","","",""
"556209","Alivia Bowless","1","2018-04-25 20:34:39","2018-04-25 20:34:39","0","0","","",""
"1169393","shnyar Omer","1","2023-04-10 22:07:56","2023-04-10 22:07:56","0","0","","",""
"456877","Luiz San Neves","1","2017-06-21 17:52:12","2017-06-21 17:52:12","0","0","","",""
"1285809","Nani Bha","1","2024-02-03 04:17:33","2024-02-03 04:17:33","0","0","","",""
"119125","Daniel","393","2014-01-04 20:53:43","2024-07-02 23:21:39","80","3","3","1","5"
"831280","Radna Sipenuk","1","2020-10-01 19:41:10","2020-10-01 22:29:17","0","0","","",""
"1308510","Jonatan Hartono Siallagan","1","2024-04-04 13:59:44","2024-04-04 13:59:44","0","0","","",""
"987303","Spammer","1","2021-11-01 09:50:17","2021-11-15 02:13:08","0","0","","",""
"1310601","franklin unorji","1","2024-04-10 20:10:02","2024-04-10 20:10:02","0","0","","",""
"1278722","r.3141592.pi","1","2024-01-14 04:49:39","2024-10-04 02:09:04","0","0","","",""
"1080375","เพชรลดา เกี้ยวมาศ","1","2022-07-21 16:58:55","2022-07-22 07:11:21","0","0","","",""
"175963","F.akbarij","1","2014-09-14 13:44:41","2014-09-20 05:37:54","0","0","","",""
"1419990","Greg Parker","1","2024-10-03 10:14:38","2024-10-03 10:14:38","0","0","","",""
"933341","Abdisamed Mohamed","1","2021-05-29 14:28:44","2021-05-29 14:28:44","0","0","","",""
"459656","Marcos Silva de Santos","1","2017-07-03 02:37:40","2017-07-03 02:52:56","0","0","","",""
"1043642","Baby Hearty Bear","193","2022-04-02 03:54:13","2024-09-09 12:40:04","28","0","5","9","29"
"934137","euler-is-love","11","2021-05-31 17:38:00","2021-06-01 16:21:50","0","0","1","0","4"
"589469","Dolf Barr","101","2018-09-03 07:18:08","2018-12-28 12:07:56","0","0","","",""
"1212474","Umang Ramchandani","1","2023-08-24 16:31:50","2023-08-24 16:31:50","0","0","","",""
"1441501","Rahul Vohra","1","2024-10-19 15:27:29","2024-11-09 09:17:52","0","0","","",""
"1242453","Upsc Aspirants","1","2023-10-28 00:08:39","2024-09-13 06:35:39","0","0","","",""
"832576","Kerem Şahin","1","2020-10-05 09:21:13","2024-04-24 21:02:16","0","0","","",""
"738577","user8253417","167","2020-01-01 07:25:50","2022-05-11 02:23:30","4","0","4","0","14"
"366332","Hashir Mohamed","1","2016-09-05 08:24:23","2018-05-02 13:52:07","0","0","","",""
"270081","Aman Azad","1","2015-09-12 09:59:16","2016-11-02 00:05:27","0","0","","",""
"1092973","ΜΙΧΑΛΗΣ ΖΑΡΤΟΥΛΑΣ","1","2022-09-06 15:04:08","2023-02-13 14:32:33","0","0","","",""
"17279","Neal Tibrewala","101","2011-10-07 19:12:11","2021-10-28 22:55:46","2","0","","",""
"185247","Yuan","43","2014-10-18 04:21:26","2014-11-30 15:21:20","0","0","4","0","4"
"876090","bodwm15","9","2021-01-19 14:22:30","2021-04-28 13:03:58","0","0","2","0","8"
"562914","Flaccid Sheaf","103","2018-05-18 06:05:51","2019-02-24 22:13:56","9","0","1","0","1"
"1060048","FijiWater1000","1","2022-05-21 15:16:10","2022-12-28 21:10:26","0","0","","",""
"277141","Skrunch","3","2015-10-05 12:46:43","2018-11-23 12:31:44","0","0","3","0","2"
"1466175","Umar Chowdhury","1","2024-11-07 13:02:58","2024-11-07 13:02:58","0","0","","",""
"421036","godruler","1","2017-02-28 23:14:57","2022-01-15 18:23:12","0","0","","",""
"805087","Devansh Patel","1","2020-07-01 11:45:00","2020-07-01 12:01:58","0","0","","",""
"1117731","Moreno Rossi","1","2022-11-09 23:30:19","2022-11-14 15:17:31","0","0","","",""
"819240","Qutbia Qadeer","1","2020-08-25 21:55:51","2020-12-15 16:35:01","0","0","","",""
"779064","bbear","1","2020-04-25 22:19:45","2020-05-29 21:09:20","0","0","","",""
"133197","rosstex","181","2014-03-05 05:43:52","2020-12-02 12:53:44","32","0","5","0","17"
"930182","krish","1","2021-05-21 08:15:20","2024-06-17 05:13:43","0","0","","",""
"1338665","Sean Skinner","1","2024-06-18 23:35:07","2024-11-14 03:44:00","0","0","","",""
"65197","Barnali Paul","1","2013-03-05 19:29:28","2013-03-18 20:01:41","0","0","0","1","0"
"39322","h kone","11","2012-09-03 09:51:06","2012-09-03 10:16:02","0","0","0","1","2"
"1265741","Ilma Šuta","1","2023-12-10 21:51:04","2023-12-10 22:11:55","0","0","","",""
"722235","Biswajit Barik","1","2019-11-05 15:01:47","2019-11-05 15:01:47","0","0","","",""
"716643","Kaya","1","2019-10-19 23:11:31","2019-10-19 23:11:31","0","0","","",""
"742548","Xenon","17","2020-01-16 21:21:16","2023-10-22 13:43:27","0","0","1","0","6"
"691359","马彦锴","1","2019-07-25 09:48:48","2020-01-01 10:35:46","0","0","","",""
"776403","황제욱","1","2020-04-21 03:00:34","2020-07-09 15:33:45","0","0","","",""
"983591","Dj sparrow","1","2021-10-23 05:09:11","2022-08-24 04:59:35","0","0","","",""
"966970","Ahmed","1","2021-09-11 16:01:43","2021-12-11 17:52:40","0","0","","",""
"468661","Omango","1","2017-08-01 06:11:28","2018-04-20 08:50:55","0","0","","",""
"914565","JAYDEN HOLT","1","2021-04-14 00:03:32","2021-04-14 00:03:32","0","0","","",""
"1186719","The_Animator","782","2023-05-31 16:00:53","2024-11-11 17:38:21","29","21","22","2","110"
"898188","muslim albaiaty","1","2021-03-10 05:47:11","2021-07-03 14:53:00","0","0","","",""
"942313","mbase","1","2021-06-18 10:14:24","2021-06-18 10:14:24","0","0","","",""
"874646","The Tyrants","1","2021-01-16 00:55:29","2021-01-16 00:55:29","0","0","","",""
"1235662","Ravendra pratap Singh Chauhan","1","2023-10-15 14:32:13","2024-02-19 00:18:15","0","0","","",""
"1054204","Makary Magdy","1","2022-05-03 18:56:54","2023-05-04 13:49:29","0","0","","",""
"588115","Kjetil","1","2018-08-29 11:15:30","2018-11-29 13:11:56","0","0","","",""
"804988","Sree Parvathy V L","1","2020-07-01 03:41:23","2020-07-01 03:41:23","0","0","","",""
"1310782","Matus Vazny","1","2024-04-11 10:26:17","2024-04-11 10:26:17","0","0","","",""
"754267","Brianna Burks","1","2020-02-25 17:44:10","2020-02-25 17:44:10","0","0","","",""
"833160","Abella Granger","1","2020-10-06 16:24:28","2020-10-06 16:24:28","0","0","","",""
"166223","user68146","1","2014-07-25 01:59:50","2014-07-25 02:14:55","0","0","","",""
"1438949","zedex_niner","1","2024-10-17 15:17:18","2024-10-18 09:49:04","0","0","","",""
"624108","Rzwn11","1","2018-12-08 04:32:57","2018-12-13 06:23:42","0","0","","",""
"1440054","Sandeep Gupta","1","2024-10-18 12:12:15","2024-10-18 12:12:15","0","0","","",""
"603830","Juraj Polačko","1","2018-10-13 16:38:06","2024-08-30 19:14:35","0","0","","",""
"923543","Idan Zaguri","21","2021-05-04 22:30:32","2021-05-25 20:34:47","0","0","1","0","0"
"456475","ayano_39","1","2017-06-20 09:40:51","2018-10-19 03:05:21","0","0","","",""
"356134","Carlos Afonso","353","2016-07-25 12:40:40","2021-02-25 11:56:50","50","0","6","9","19"
"186496","Shahriar","21","2014-10-22 17:10:01","2014-10-23 18:53:50","0","0","1","0","3"
"1255599","Էրիկ Սարոյան","46","2023-11-21 14:31:41","2024-11-05 05:59:33","1","0","0","1","1"
"415474","f.rodrigues","125","2017-02-12 00:30:11","2022-09-19 18:27:55","5","0","6","0","8"
"415602","AndLim","1","2017-02-12 13:42:31","2018-01-17 22:42:15","0","0","1","0","2"
"986463","Wang Hei  Li","1","2021-10-29 18:21:26","2021-10-29 18:21:26","0","0","","",""
"1367084","Endadul Miah","1","2024-08-02 01:48:58","2024-10-04 15:18:35","0","0","","",""
"186375","guest","61","2014-10-22 06:28:18","2014-12-05 18:28:13","0","0","2","0","0"
"1071883","Kaustubh Shivdikar","1","2022-06-28 05:41:46","2022-09-29 02:53:20","0","0","","",""
"475650","Suwailem","1","2017-08-29 05:15:30","2024-09-18 10:45:53","0","0","","",""
"1474569","zunira zahid","1","2024-11-13 19:31:05","2024-11-13 19:31:05","0","0","","",""
"452371","fol10","1","2017-06-04 22:55:52","2018-10-08 20:59:00","0","0","1","0","1"
"1090004","Jamie","71","2022-08-28 11:00:23","2023-09-04 17:03:14","2","0","1","0","13"
"1207751","Yves M.","101","2023-08-08 15:58:56","2024-01-09 14:33:48","1","0","","",""
"771601","Kedar_dg","17","2020-04-11 19:10:53","2020-12-20 20:28:45","0","0","3","0","8"
"1209678","Ade","1","2023-08-15 11:09:00","2023-09-16 16:25:59","0","0","","",""
"768851","iQuantumware","1","2020-04-06 13:52:11","2021-03-23 04:32:27","0","0","","",""
"830070","marshmello","1","2020-09-28 18:18:23","2020-09-28 18:18:23","0","0","","",""
"1340444","Naypart Mt15","1","2024-06-21 10:12:44","2024-06-21 10:12:44","0","0","","",""
"1178021","prismz","1","2023-05-04 18:41:39","2023-05-04 18:41:39","0","0","","",""
"1218786","Norman_Shapiro","1","2023-09-10 18:47:12","2023-09-12 03:30:34","0","0","","",""
"65360","guest","163","2013-03-06 17:26:15","2013-03-17 23:04:01","0","0","1","0","6"
"862219","Zaccary boisvert-corcoran","1","2020-12-14 19:10:26","2020-12-14 19:43:22","0","0","","",""
"233802","Sherrodjms","1","2015-04-23 10:08:24","2016-08-29 03:08:01","0","0","","",""
"1218299","yash gaming","1","2023-09-09 14:05:35","2023-09-09 14:05:35","0","0","","",""
"1451189","papi Chulo","1","2024-10-26 18:23:18","2024-10-26 18:23:18","0","0","","",""
"716082","Vikram","1","2019-10-18 05:20:04","2024-01-06 07:31:37","0","0","","",""
"1342699","Sahaj And soumya","1","2024-06-24 19:37:19","2024-10-02 16:39:49","0","0","","",""
"113862","JMM","1","2013-12-06 11:28:08","2014-04-02 06:01:24","0","0","1","0","0"
"521923","Dan E","1","2018-01-16 06:46:19","2018-06-07 07:30:20","0","0","","",""
"1232359","Abhay Kumar Singh","1","2023-10-09 11:13:57","2023-12-08 06:34:15","0","0","","",""
"1342572","Neelam Kaushal","1","2024-06-24 15:41:41","2024-06-24 15:41:41","0","0","","",""
"218541","user218541","11","2015-02-23 04:33:14","2015-02-23 04:49:19","0","0","1","0","0"
"824140","Lohit Broly","1","2020-09-11 16:17:53","2021-04-22 04:38:08","0","0","","",""
"955579","Paul Holmes","1","2021-08-03 20:01:22","2022-10-10 17:16:21","0","0","","",""
"224154","swagger","1","2015-03-16 22:52:15","2015-03-16 22:52:15","0","0","1","0","2"
"1157397","Indra Herdiana","1","2023-03-07 15:30:17","2024-11-05 01:58:25","0","0","","",""
"201991","Gerald","101","2014-12-18 07:40:17","2017-12-03 12:37:25","0","0","","",""
"592197","Rulani Mulongoni","1","2018-09-11 16:07:14","2018-09-12 15:46:06","0","0","","",""
"600301","Tom Le","11","2018-10-04 05:52:23","2019-11-12 01:28:12","0","0","1","0","4"
"472452","Gaurav","1","2017-08-16 16:25:58","2017-09-07 20:25:24","0","0","","",""
"647070","Chingyuen Liu","1","2019-02-21 16:05:46","2019-03-20 03:51:00","0","0","","",""
"1091119","Matt Foster","1","2022-08-31 23:08:10","2022-08-31 23:08:10","0","0","","",""
"982835","Ik. Ezeh","1","2021-10-21 10:59:55","2021-11-06 13:22:15","0","0","1","0","3"
"1191091","lnsamsn","1","2023-06-12 16:57:39","2024-11-07 00:42:21","0","0","","",""
"101816","Biswajit","101","2013-10-19 05:15:58","2013-10-21 19:39:53","0","0","","",""
"1469518","Tim Tso","1","2024-11-10 06:33:27","2024-11-14 23:53:39","0","0","","",""
"908899","Super late reply","16","2021-03-31 15:13:43","2021-03-31 15:13:43","0","0","0","1","0"
"1384527","oriana booker","1","2024-08-28 15:17:31","2024-08-28 15:17:31","0","0","","",""
"361192","hubert_farnsworth","113","2016-08-13 19:29:12","2016-08-15 22:10:29","0","0","1","0","2"
"690738","user8681205","1","2019-07-22 17:51:08","2019-08-02 09:28:18","0","0","","",""
"83923","Aria","291","2013-06-26 07:01:11","2015-05-22 04:28:25","8","0","7","2","22"
"550460","John","1","2018-04-09 06:30:17","2018-04-09 06:30:17","0","0","","",""
"852857","cjagadis","1","2020-11-23 15:24:49","2022-06-11 05:56:37","0","0","","",""
"1385047","ABHISHEK HARDAINIYA","1","2024-08-29 07:00:40","2024-09-12 08:35:46","0","0","","",""
"1458080","Ilana Trumbull","1","2024-11-01 05:24:44","2024-11-01 05:24:44","0","0","","",""
"654046","The_Bob","1","2019-03-14 04:42:39","2022-10-05 19:20:49","0","0","","",""
"722730","Jacqueline Allen","1","2019-11-06 22:08:30","2020-07-23 22:54:12","0","0","","",""
"1083742","Ulrich Beck","1","2022-08-04 08:44:50","2023-08-31 12:02:32","0","0","","",""
"51990","3DKS","1","2012-12-06 07:16:18","2015-04-06 10:01:49","0","0","","",""
"550186","Ismail Sabor","21","2018-04-08 13:12:30","2024-01-13 12:35:45","0","0","1","0","0"
"1334629","MANOJ KUMAR M","1","2024-06-13 03:17:22","2024-06-13 03:17:22","0","0","","",""
"912169","Bill Griffin","35","2021-04-08 09:34:27","2021-09-30 18:22:56","1","0","3","0","3"
"231184","Jared","1","2015-04-13 23:29:27","2015-04-13 23:29:27","0","0","1","0","1"
"1110267","Penny","1","2022-10-22 05:34:39","2022-10-23 04:41:32","0","0","","",""
"354244","timmfin","101","2016-07-15 12:49:25","2021-06-22 16:06:10","0","0","","",""
"29070","Jeff","33","2012-04-13 23:06:11","2015-06-16 22:13:39","0","0","2","0","3"
"690628","Đại Nghĩa Trần","1","2019-07-22 09:32:16","2020-08-09 03:52:52","0","0","","",""
"883414","HugoZou","1","2021-02-05 01:31:41","2021-02-05 01:46:58","0","0","","",""
"658092","Mathieu Plamondon","1","2019-03-26 17:35:53","2019-03-26 17:35:53","0","0","","",""
"170744","sefi","454","2014-08-20 13:35:34","2024-08-11 11:27:25","65","1","14","7","24"
"1352397","Ali Naghizade","1","2024-07-09 18:39:29","2024-07-09 18:39:29","0","0","","",""
"1137276","Bocley","1","2023-01-06 08:40:55","2023-02-04 06:20:27","0","0","","",""
"308678","Gui Costa","1","2016-01-28 04:14:17","2016-10-17 03:38:40","0","0","","",""
"560726","D.Joe","1","2018-05-10 16:08:38","2018-06-08 08:42:11","0","0","","",""
"86326","Johnny Ji","541","2013-07-15 08:55:06","2020-09-28 11:23:38","61","0","17","1","55"
"548471","Taylor","1","2018-04-03 14:28:22","2018-04-06 04:47:55","0","0","","",""
"1126792","Eileen Rose","1","2022-12-03 15:31:49","2022-12-05 00:59:56","0","0","","",""
"1097999","hiyumi","1","2022-09-20 11:44:33","2022-11-22 17:40:07","0","0","","",""
"895142","Tristán0","1","2021-03-03 19:24:29","2021-03-03 19:50:30","0","0","","",""
"1140815","Tiggi","1","2023-01-17 16:48:58","2023-01-17 16:48:58","0","0","","",""
"27978","copper.hat","175748","2012-03-30 17:54:19","2024-11-16 21:06:56","4329","91","4","6657","12138"
"701122","Madhan Adavani","1","2019-09-05 02:03:32","2020-04-08 06:39:21","0","0","","",""
"430564","dr_silverman","1","2017-03-29 20:42:32","2022-07-29 20:34:11","0","0","","",""
"1081493","Anouk S","51","2022-07-26 06:32:51","2023-05-19 09:50:33","4","0","2","0","10"
"962885","Kumar Subham","1","2021-08-30 05:45:30","2021-09-01 07:51:36","0","0","","",""
"664981","Ishan Srivastava","1","2019-04-17 11:09:56","2019-05-18 07:49:09","0","0","","",""
"1064814","Rizky Sugiarto","1","2022-06-06 03:09:53","2022-06-06 03:09:53","0","0","","",""
"1320722","Alice Carter","1","2024-05-09 09:14:32","2024-05-09 09:14:32","0","0","","",""
"322178","Ryan James","329","2016-03-12 14:29:45","2024-06-04 14:49:00","5","0","1","0","12"
"48247","Pablo","191","2012-11-05 08:34:05","2022-12-03 23:38:18","1","0","10","0","30"
"642610","Maxime Beasse","11","2019-02-07 21:53:28","2021-10-21 18:15:25","0","0","1","1","0"
"474196","Murray Foxcroft","101","2017-08-23 14:44:39","2017-08-23 14:44:39","1","0","","",""
"1377524","Paul Laskaridis","1","2024-08-19 04:46:06","2024-08-19 04:46:06","0","0","","",""
"489037","lark.fisherman","1","2017-10-08 13:41:22","2021-04-13 13:42:59","0","0","1","0","6"
"532737","Chris.P.","1","2018-02-18 19:49:20","2018-06-17 21:39:57","0","0","","",""
"730148","Alex Stephens","3","2019-11-29 13:19:25","2021-06-17 11:24:54","0","0","4","0","6"
"1321201","binkkk","1","2024-05-10 16:35:20","2024-05-10 16:50:25","0","0","","",""
"1205548","Ali","1","2023-07-31 16:25:28","2023-07-31 16:25:28","0","0","","",""
"1111085","Beyzaa Nuuurr","1","2022-10-24 09:47:26","2022-10-24 09:47:26","0","0","","",""
"1383179","Mary Guhl","1","2024-08-27 02:23:10","2024-08-27 02:23:10","0","0","","",""
"1246560","Meron Getu","1","2023-11-04 16:11:32","2023-11-04 16:11:32","0","0","","",""
"1428985","MIHU","1","2024-10-10 07:36:33","2024-10-11 02:19:30","0","0","","",""
"446064","Sarath","1","2017-05-13 16:34:06","2018-06-02 17:48:38","0","0","1","0","1"
"337092","Robert Stiffler","101","2016-05-04 23:44:46","2019-11-04 21:05:26","5","0","","",""
"459088","Mary Ku","51","2017-06-30 11:11:22","2019-11-05 17:02:00","0","0","5","1","9"
"258148","norman1993","21","2015-07-31 18:27:29","2015-07-31 18:27:29","0","0","1","0","1"
"904552","Hans Steinberg","63","2021-03-23 23:07:42","2024-05-16 08:19:04","0","0","4","2","4"
"1473065","Doaa Elsayed","1","2024-11-12 18:19:09","2024-11-12 18:19:09","0","0","","",""
"898398","kusal tharinindu","1","2021-03-10 15:33:10","2021-03-13 12:11:38","0","0","","",""
"1191732","Yuzhe Lin","1","2023-06-14 11:46:02","2023-06-23 05:52:18","0","0","","",""
"440044","ablclanmarazm","1","2017-04-24 18:12:39","2024-10-22 08:39:22","0","0","","",""
"620597","user50690","1","2018-11-28 12:42:41","2018-11-28 12:42:41","0","0","","",""
"386852","Buomsoo Kim","101","2016-11-07 04:45:02","2017-11-20 02:02:42","0","0","","",""
"34073","Gabriel","623","2012-06-20 10:24:56","2023-05-22 19:01:47","14","0","3","1","21"
"329758","turdus-merula","101","2016-04-08 13:38:06","2024-07-05 08:54:01","3","0","","",""
"1471951","Jose Manuel Cabigon","1","2024-11-12 02:15:33","2024-11-16 07:05:25","0","0","","",""
"397168","JM 1010","1","2016-12-08 04:21:20","2016-12-08 21:10:35","0","0","","",""
"1033216","GS1","1","2022-03-06 22:28:11","2022-06-27 18:44:49","0","0","","",""
"787070","Developer","3","2020-05-12 02:02:47","2020-05-14 01:54:03","0","0","1","0","3"
"14460","Nayuki","733","2011-08-11 01:58:53","2024-11-14 21:28:55","1129","59","5","6","19"
"29499","J3210","1","2012-04-19 19:20:03","2012-04-21 18:33:55","0","0","","",""
"1148198","Vacabi","1","2023-02-09 08:45:23","2023-02-10 08:36:12","0","0","","",""
"586393","Andriane Marcelli","1","2018-08-22 19:24:40","2018-08-22 19:24:40","0","0","","",""
"516700","Tharun Sai","1","2017-12-27 14:37:38","2017-12-27 14:37:38","0","0","","",""
"1180413","Jeevan Kumar","1","2023-05-11 18:47:56","2023-05-11 18:47:56","0","0","","",""
"22720","Ruben Tavernier","33","2012-01-10 20:41:31","2013-08-12 09:40:41","0","0","1","0","0"
"526151","Nickson Kubilwa","1","2018-01-29 16:59:45","2018-01-29 16:59:45","0","0","","",""
"756700","Daniel C","1","2020-03-04 16:42:05","2023-04-16 15:26:08","0","0","1","0","2"
"1258151","Luthfi Dally","1","2023-11-26 13:25:18","2023-12-10 15:55:41","0","0","","",""
"982431","sengoye samuel","1","2021-10-20 11:49:58","2021-11-23 15:32:50","0","0","","",""
"749010","ajani sodiq","1","2020-02-08 18:37:39","2020-02-08 18:37:39","0","0","","",""
"1463343","Audrey Rose Robea","1","2024-11-05 12:49:56","2024-11-05 12:49:56","0","0","","",""
"675278","tina424","1","2019-05-18 19:45:46","2019-05-19 12:21:08","0","0","","",""
"45234","Himanshu Agnihotri","101","2012-10-19 11:59:27","2012-10-19 11:59:27","0","0","","",""
"1429815","Sne Mbambo","1","2024-10-10 20:35:07","2024-10-10 20:35:07","0","0","","",""
"773480","Rohit Sawant","1","2020-04-15 13:08:16","2020-04-17 07:08:31","0","0","","",""
"744410","Andres Rodriguez Moran","1","2020-01-23 14:15:55","2020-04-06 12:25:41","0","0","","",""
"705828","bhoi","1","2019-09-17 11:47:00","2019-09-17 11:47:00","0","0","","",""
"1261204","宮崎博史","1","2023-12-02 04:08:03","2023-12-02 08:11:02","0","0","","",""
"292009","Andrea Rastelli","101","2015-11-20 17:28:42","2022-02-27 08:29:21","0","0","","",""
"1139910","beginner r","1","2023-01-14 16:08:20","2023-03-06 19:34:14","0","0","","",""
"1108899","shivam gupta","1","2022-10-18 19:57:06","2022-10-18 19:57:06","0","0","","",""
"397897","b.joe","1","2016-12-10 12:56:23","2016-12-10 12:56:23","0","0","","",""
"1228456","Zyth Laurence Feliciano","1","2023-10-01 13:19:47","2023-10-01 13:19:47","0","0","","",""
"1332207","楽正孤燷","1","2024-06-09 13:18:25","2024-11-09 19:56:51","0","0","","",""
"446195","dzhh","1","2017-05-14 05:16:51","2024-10-08 05:44:47","0","0","","",""
"938106","Dhanush rathod","1","2021-06-06 07:06:16","2021-06-06 07:06:16","0","0","","",""
"356762","Hector David","1","2016-07-28 06:32:49","2016-07-28 06:58:51","0","0","","",""
"1287290","Hakai Shin","1","2024-02-07 08:39:33","2024-02-07 08:39:33","0","0","","",""
"443576","Rob Farrow","31","2017-05-05 09:59:40","2017-05-08 13:29:13","0","0","0","1","0"
"645964","alex acquier","1","2019-02-18 14:26:10","2023-08-31 08:51:46","0","0","","",""
"992803","RaksahV","1","2021-11-14 06:16:18","2021-11-17 18:19:06","0","0","","",""
"957395","John Carter","1","2021-08-10 13:23:03","2024-11-16 09:09:17","0","0","","",""
"934540","Jhyn","121","2021-06-01 18:31:12","2022-09-22 09:56:08","0","0","1","0","2"
"329453","MJCD","1","2016-04-07 12:39:05","2016-04-14 15:07:28","0","0","","",""
"930716","CÜNEYT SEYFELİ","1","2021-05-22 21:53:41","2021-05-22 21:53:41","0","0","","",""
"867467","Hussain Aimrane","1","2020-12-28 01:21:06","2020-12-31 01:18:04","0","0","","",""
"757068","prasad kendre","1","2020-03-05 19:57:33","2020-09-06 08:47:32","0","0","","",""
"763947","yuzutan","1","2020-03-27 03:09:46","2024-04-13 09:31:12","0","0","0","1","1"
"1311781","Ayush","1","2024-04-14 13:56:23","2024-06-20 14:54:49","0","0","","",""
"114115","user2993881","1","2013-12-07 14:43:42","2014-07-01 16:34:52","0","0","","",""
"519809","Nicky Man","1","2018-01-09 04:00:50","2018-05-04 10:02:07","0","0","","",""
"782677","Johanes Suhardjo","1","2020-05-02 17:56:40","2021-10-20 18:37:39","0","0","","",""
"616968","Sam Zhou","1","2018-11-18 01:22:49","2021-06-18 18:32:00","0","0","","",""
"742118","danp","1","2020-01-15 12:41:41","2022-06-23 21:33:03","0","0","","",""
"213044","wst328","31","2015-02-04 20:41:48","2015-02-08 21:58:28","0","0","1","0","2"
"300514","Nicolas H","211","2015-12-23 07:10:23","2021-05-10 00:42:47","14","0","11","0","27"
"584110","Rheologist Ph.D.","103","2018-08-14 08:10:24","2020-10-10 20:53:40","0","0","1","0","1"
"1112240","Anjul Tyagi","101","2022-10-27 05:43:17","2022-12-17 06:23:28","2","0","","",""
"958310","Collin Mallery","1","2021-08-13 16:48:51","2021-08-13 16:48:51","0","0","","",""
"259517","Stormzy","21","2015-08-07 16:11:24","2019-10-08 11:35:17","0","0","1","0","6"
"840665","serine","1","2020-10-22 12:54:59","2020-10-22 12:54:59","0","0","","",""
"1254187","PRANSHU TIWARI","1","2023-11-18 22:20:41","2024-02-05 04:33:33","0","0","","",""
"954169","Patrick Bray","1","2021-07-29 12:55:06","2021-12-19 09:48:10","0","0","","",""
"1246099","Sahem Khawaldah","1","2023-11-03 17:15:43","2024-01-08 21:22:29","0","0","","",""
"823495","shaman","61","2020-09-09 19:41:10","2024-11-16 23:00:31","126","0","0","3","2"
"539256","Higa Simmonz","1","2018-03-10 07:12:13","2018-03-10 17:26:33","0","0","","",""
"1168181","ASS","178","2023-04-07 06:41:43","2024-11-16 15:31:34","21","0","5","14","16"
"623937","ffrr1234","1","2018-12-07 15:47:00","2019-04-30 23:32:07","0","0","","",""
"1134110","Neha Pattanshetti","1","2022-12-25 16:39:52","2024-01-24 08:36:57","0","0","","",""
"1110803","tim Huang","1","2022-10-23 16:38:38","2022-12-03 13:53:07","0","0","","",""
"694680","PIE","3","2019-08-09 13:42:18","2024-05-03 07:09:47","0","0","1","0","8"
"1027571","Cynthia Allen","1","2022-02-19 21:13:26","2022-02-19 22:58:31","0","0","","",""
"15962","ivan.freire","159","2011-09-12 22:23:59","2023-08-04 19:26:05","0","0","4","0","4"
"556559","Pegasus","101","2018-04-27 00:32:54","2018-04-27 05:51:28","0","0","","",""
"998566","Dangcosta","1","2021-11-28 17:58:25","2022-07-20 17:36:54","0","0","","",""
"162043","user3800977","85","2014-07-07 08:30:04","2020-01-12 21:15:13","1","0","2","1","7"
"1336333","Ali Abdelmenam","1","2024-06-15 12:26:57","2024-06-15 12:26:57","0","0","","",""
"634810","Tom H","31","2019-01-14 21:31:26","2019-01-14 21:31:26","0","0","0","1","1"
"633872","user219512","1","2019-01-11 18:53:21","2019-09-08 16:35:25","0","0","1","0","4"
"346998","user346998","58","2016-06-10 19:15:53","2016-12-19 06:58:42","0","0","1","1","0"
"984771","Dipu Bhadrecha","1","2021-10-26 02:58:20","2022-03-20 04:13:00","0","0","","",""
"1127043","Derick Macdonald","1","2022-12-04 09:26:45","2022-12-04 09:26:45","0","0","","",""
"1139140","Hu Jacky","1","2023-01-11 23:20:01","2023-01-12 07:47:51","0","0","","",""
"405291","Ashwani Gupta","1","2017-01-09 02:40:38","2017-01-09 02:40:38","0","0","","",""
"986786","ironicallymediocre","11","2021-10-30 20:58:28","2021-11-01 19:58:20","0","0","1","0","0"
"1400108","Ehis Artz","1","2024-09-17 06:53:06","2024-09-17 06:53:06","0","0","","",""
"603738","Chometry","1","2018-10-13 09:45:42","2018-12-18 05:21:08","0","0","0","1","1"
"1215270","Chandra Lindy","1","2023-09-01 19:38:13","2023-09-01 19:38:13","0","0","","",""
"439951","Sophie Dixon","1","2017-04-24 13:26:51","2017-04-26 11:15:19","0","0","1","0","1"
"784682","UYasher","61","2020-05-06 15:34:14","2021-07-25 17:45:31","0","0","2","0","2"
"962800","Jimmy","1","2021-08-29 21:47:23","2022-09-28 22:46:33","0","0","","",""
"986659","PxP","1","2021-10-30 10:18:37","2022-01-12 07:24:39","0","0","","",""
"1123531","mulot","1","2022-11-24 21:19:17","2022-11-26 14:41:55","0","0","","",""
"1126831","Leon IV","1","2022-12-03 17:14:23","2023-01-01 20:18:52","0","0","","",""
"139479","O'C","41","2014-04-01 11:25:52","2014-09-03 11:23:18","0","0","0","1","1"
"1424892","Boburbek Xoshimjonov","1","2024-10-07 09:56:04","2024-10-07 09:56:04","0","0","","",""
"1076146","果冻传媒在线入口_果冻传媒在线入口免费观看","1","2022-07-10 14:35:20","2022-07-14 00:17:37","0","0","","",""
"1246476","science shephard","1","2023-11-04 13:10:20","2023-11-04 13:10:20","0","0","","",""
"813303","Arpita Gautam","1","2020-08-02 14:37:56","2020-08-03 13:11:13","0","0","","",""
"139802","FrankD","101","2014-04-02 14:37:41","2019-06-10 10:01:29","0","0","","",""
"233619","KOF","155","2015-04-22 17:56:06","2024-11-13 13:26:17","7","0","3","0","8"
"845499","Saleh oumar","1","2020-11-04 07:21:34","2020-11-04 07:21:34","0","0","","",""
"1421189","Đăng Phạm","1","2024-10-04 07:51:44","2024-10-04 07:51:44","0","0","","",""
"766814","Firat ertik","1","2020-04-02 10:22:08","2020-05-20 14:55:17","0","0","","",""
"1366581","Nitin Kumar","1","2024-08-01 07:29:17","2024-08-01 07:29:17","0","0","","",""
"806510","Anup Ghosh","1","2020-07-06 19:59:31","2020-10-18 01:50:07","0","0","","",""
"1454034","KRISSIA MAE DIAMARE","1","2024-10-29 01:13:00","2024-10-29 01:13:00","0","0","","",""
"655931","Watachiaieto","101","2019-03-20 00:34:52","2021-02-11 23:57:41","0","0","","",""
"638920","Cathal Ó Cléirigh","76","2019-01-27 22:24:08","2019-08-29 10:48:48","0","0","1","1","1"
"1101332","pure math","37","2022-09-29 09:47:47","2023-08-06 07:07:07","1","0","2","0","22"
"371280","eagle.dan.1349","101","2016-09-22 10:37:53","2017-01-19 04:54:29","9","0","","",""
"785485","Davide Erba","1","2020-05-08 09:35:53","2020-06-18 14:36:38","0","0","","",""
"49503","Daniel","101","2012-11-15 06:27:15","2024-09-16 13:46:17","3","0","","",""
"1246648","Jordan Francis","1","2023-11-04 20:49:03","2023-12-07 14:50:50","0","0","","",""
"761780","Andressa Rubim","1","2020-03-21 15:02:06","2020-09-03 14:23:43","0","0","","",""
"677266","Algopiggie","1","2019-05-26 07:37:59","2020-01-02 14:34:18","0","0","","",""
"531214","user531214","1","2018-02-13 19:26:29","2018-04-17 22:26:28","0","0","","",""
"204674","acr015","3","2015-01-04 09:37:39","2015-01-04 19:45:57","0","0","1","0","2"
"1209932","LogicBeDamned","139","2023-08-16 07:11:40","2024-09-25 08:53:59","66","1","8","0","37"
"496448","A. D","1","2017-10-27 17:45:38","2021-01-01 15:47:32","0","0","","",""
"1009205","Xiaoqin Zhai","1","2021-12-26 22:04:41","2021-12-29 09:38:07","0","0","","",""
"637448","jenelle","93","2019-01-23 06:25:42","2019-01-25 07:18:06","0","0","1","0","2"
"127384","user127384","11","2014-02-09 12:32:04","2015-04-01 02:35:35","0","0","2","0","7"
"1142017","user20808815","31","2023-01-21 17:38:34","2023-08-29 10:55:12","0","0","1","0","1"
"1341977","Tyajauana Moore","1","2024-06-23 19:33:13","2024-07-01 11:40:36","0","0","","",""
"882680","Haruhiko pratama","1","2021-02-03 12:58:19","2021-03-29 04:52:57","0","0","","",""
"1203083","Math.StatsGal21","55","2023-07-22 20:15:16","2023-10-14 11:44:20","9","0","3","0","2"
"1386915","Arusha Control","1","2024-09-01 04:22:39","2024-09-01 04:22:39","0","0","","",""
"1020588","Karolina ","31","2022-01-31 14:40:51","2023-10-13 09:33:36","0","0","2","0","1"
"712394","The Real Anonymous","11","2019-10-08 01:19:01","2019-12-22 12:37:03","0","0","1","0","3"
"1084356","Aarav Parin","1","2022-08-06 13:22:23","2022-12-17 20:16:30","0","0","","",""
"103502","Ruthvik Vaila","155","2013-10-27 04:45:05","2021-08-25 15:46:04","6","0","7","1","8"
"673194","Ysi","26","2019-05-12 01:36:47","2022-04-19 08:07:17","0","0","0","1","1"
"215107","J. Lenthe","101","2015-02-13 01:12:43","2021-07-26 19:12:41","0","0","","",""
"1055183","user1055183","1","2022-05-06 16:51:59","2022-05-06 17:13:52","0","0","","",""
"126314","Arsala Kamal","1","2014-02-05 04:09:56","2015-05-26 11:23:28","0","0","","",""
"1417103","Bruce Cosgrove","1","2024-10-01 09:49:27","2024-10-01 09:49:27","0","0","","",""
"977205","Sagani","1","2021-10-07 11:13:09","2021-10-07 11:13:09","0","0","","",""
"781000","Mkponke Clement","1","2020-04-29 14:45:53","2020-04-29 14:45:53","0","0","","",""
"433190","rf7","125","2017-04-06 16:00:50","2017-08-17 18:37:22","0","0","5","0","5"
"518381","PBC","1","2018-01-03 20:48:47","2019-08-09 10:33:35","0","0","","",""
"339758","user339758","21","2016-05-15 15:16:47","2016-05-15 17:39:16","0","0","0","1","0"
"549871","Jaydip Shingala","101","2018-04-07 12:53:33","2024-08-12 09:26:58","42","0","","",""
"516806","Luke Worth","101","2017-12-28 00:29:20","2020-04-05 02:55:29","1","0","","",""
"330978","jhschwartz","101","2016-04-12 23:24:56","2022-05-12 19:17:58","0","0","","",""
"747968","Geo_toto","1","2020-02-05 10:12:42","2021-03-09 12:46:44","0","0","","",""
"343569","signsofnowhere","1","2016-05-31 11:32:25","2022-10-03 13:14:52","0","0","","",""
"877440","Wanna B. Goode at MATHS","1","2021-01-22 08:31:10","2021-02-05 12:05:44","0","0","","",""
"979456","WaterService spam","1","2021-10-13 05:56:51","2021-10-13 05:56:51","0","0","","",""
"471068","user471068","1","2017-08-10 19:46:43","2017-08-10 19:46:43","0","0","0","1","0"
"69850","user2209441","1","2013-03-28 06:31:16","2017-10-01 21:27:59","0","0","","",""
"702306","Anukriti Srivastava","1","2019-09-09 10:46:00","2019-09-09 10:46:00","0","0","","",""
"361081","Pluviophile","981","2016-08-13 05:01:05","2024-11-10 09:47:40","114","4","17","2","67"
"1041800","Desiree Lojera","1","2022-03-28 06:28:33","2022-03-28 06:28:33","0","0","","",""
"570520","user21312","19","2018-06-18 05:51:28","2024-11-10 16:05:14","1","0","4","0","31"
"222447","Kyle Austin","345","2015-03-10 11:39:57","2021-07-06 00:03:03","2","0","9","1","12"
"1167879","kovalen_koo","1","2023-04-06 09:09:52","2023-04-06 09:09:52","0","0","","",""
"77369","Neil","13","2013-05-11 19:02:45","2013-05-15 22:14:18","0","0","1","0","1"
"9425","Dean Burge","101","2011-04-11 03:06:37","2011-04-11 03:06:37","1","0","","",""
"587126","Prof. Shanku","871","2018-08-25 15:54:45","2024-11-13 18:44:33","231","2","32","15","128"
"1462266","Aravind R","1","2024-11-04 17:31:41","2024-11-04 17:31:41","0","0","","",""
"1444176","Arunachala Sharma","1","2024-10-21 15:49:05","2024-10-26 04:32:45","0","0","","",""
"393211","Evgeny Kleiman","1","2016-11-26 10:02:14","2017-06-05 10:04:06","0","0","","",""
"1150608","Abigail Denise","1","2023-02-16 02:26:43","2023-02-26 15:46:17","0","0","","",""
"394337","PumpingLemma","45","2016-11-29 20:52:26","2020-02-20 10:20:27","2","0","4","0","4"
"124270","pedalshifter","21","2014-01-27 18:37:30","2015-11-16 00:54:42","0","0","1","0","2"
"331505","Elio","11","2016-04-14 16:51:36","2016-04-14 19:26:30","0","0","1","0","0"
"586864","wojtekk23","1","2018-08-24 15:06:31","2019-07-13 04:32:29","0","0","","",""
"706950","nihar ji","1","2019-09-20 16:15:33","2020-02-27 06:01:54","0","0","","",""
"1008350","oulenz","132","2021-12-23 09:18:08","2024-11-15 13:46:08","4","1","1","0","5"
"1230726","peter Connolly","1","2023-10-06 00:50:06","2023-10-06 00:50:06","0","0","","",""
"396913","Sandhya Regmi","1","2016-12-07 13:05:18","2016-12-07 13:05:18","0","0","","",""
"1350610","Tom Starai","1","2024-07-07 02:09:43","2024-08-02 22:18:30","0","0","","",""
"1230770","Kenneth James","1","2023-10-06 03:19:49","2023-10-06 03:19:49","0","0","","",""
"337962","Yao Yu Hsieh","11","2016-05-08 12:48:48","2016-06-19 02:32:23","0","0","1","0","0"
"1061002","Azorfus","29","2022-05-24 19:07:01","2023-06-24 18:32:06","0","0","1","0","5"
"1054341","Rethabile Hazel","1","2022-05-04 05:44:47","2022-05-04 05:44:47","0","0","","",""
"543463","user543463","1","2018-03-19 16:17:18","2018-05-13 15:35:32","0","0","","",""
"754833","kangk peng","1","2020-02-27 11:24:13","2022-12-13 13:53:36","0","0","","",""
"590573","Robert Reichel","51","2018-09-06 13:38:26","2019-09-02 11:08:40","0","0","1","1","4"
"1238253","Sulaiman Khan","1","2023-10-20 02:42:24","2024-03-08 02:24:18","0","0","","",""
"1384399","Xollani Jubhele","1","2024-08-28 12:04:35","2024-08-28 12:04:35","0","0","","",""
"519327","Kartik Mahajan","63","2018-01-07 10:13:44","2021-02-15 05:45:23","1","0","3","0","8"
"490387","dzikoysk","101","2017-10-11 21:02:31","2023-09-27 21:38:54","1","0","","",""
"32428","H. Kabayakawa","470","2012-05-29 05:23:23","2014-03-26 21:26:12","41","1","2","19","19"
"389305","karu","101","2016-11-14 18:04:37","2016-11-16 20:02:17","0","0","1","0","4"
"943591","klea mano","1","2021-06-22 13:24:57","2021-06-22 15:17:32","0","0","","",""
"984242","The Captain","1","2021-10-24 20:16:07","2021-10-24 20:53:07","0","0","","",""
"394127","Yuwan Zheng","3","2016-11-29 09:25:21","2024-02-05 05:39:15","0","0","1","0","0"
"833025","pradeexsu","103","2020-10-06 10:20:05","2021-04-04 20:05:28","2","0","1","0","2"
"1110786","Dylan Clark-Webb","1","2022-10-23 16:12:51","2024-02-15 22:09:57","0","0","","",""
"49193","Meng Li","1","2012-11-13 03:12:37","2015-04-12 21:42:38","0","0","","",""
"164911","Jacob","111","2014-07-17 14:10:58","2018-08-21 07:39:23","0","0","1","0","2"
"343422","Shawn Gardner","1","2016-05-30 18:17:07","2016-05-30 18:17:07","0","0","1","0","2"
"996218","kahong","1","2021-11-22 13:01:50","2021-12-16 14:16:41","0","0","","",""
"833940","Maria Markaki","1","2020-10-08 13:00:39","2024-10-25 12:46:30","0","0","","",""
"982330","Janjan Agusila","1","2021-10-20 06:31:28","2021-10-20 06:31:28","0","0","","",""
"972876","Mustard susumi","1","2021-09-26 16:44:23","2021-09-26 16:44:23","0","0","","",""
"1017118","Sampad Das","1","2022-01-21 08:18:04","2024-11-16 06:34:16","0","0","","",""
"209432","John Shelley","101","2015-01-21 06:55:01","2015-04-21 21:19:15","3","0","","",""
"1190731","Ahmad Yaqoob","1","2023-06-11 19:04:30","2023-06-12 03:11:42","0","0","","",""
"1799","Wadih M.","111","2010-09-08 16:59:36","2022-11-21 22:17:25","0","0","0","1","0"
"994647","elderaven","1","2021-11-18 12:28:16","2022-05-17 11:45:16","0","0","","",""
"1293133","zixin liu","31","2024-02-23 14:49:29","2024-11-04 15:19:37","3","0","1","0","5"
"842647","pacific_sherlock","25","2020-10-27 20:49:50","2021-09-08 16:05:12","0","0","3","0","10"
"971315","Nahian Abrar","1","2021-09-23 07:18:06","2021-09-28 10:18:00","0","0","","",""
"866753","Martin Hristev","3","2020-12-25 15:01:44","2021-01-11 09:45:26","0","0","1","0","7"
"1320867","Rayner Pailus","1","2024-05-09 16:30:15","2024-06-18 15:02:06","0","0","","",""
"172921","roro","23","2014-08-31 16:23:52","2014-08-31 18:45:39","0","0","1","0","0"
"1094438","Ben Petsopoulos","1","2022-09-10 15:44:13","2022-11-10 19:47:14","0","0","","",""
"476529","Anil Choudhary","1","2017-09-01 02:25:04","2017-09-10 05:25:34","0","0","","",""
"17775","StackExchanger","101","2011-10-17 04:38:10","2024-04-27 02:48:56","0","0","","",""
"674114","Jonno Bourne","101","2019-05-14 21:40:09","2023-08-10 12:28:57","12","0","","",""
"894957","justauser","31","2021-03-03 12:52:09","2021-03-03 16:22:08","0","0","2","0","26"
"424973","Osama Adly","101","2017-03-12 22:30:13","2022-06-02 12:49:36","0","0","","",""
"1093770","Sakaniya Vasanthakumar","1","2022-09-08 13:28:35","2022-09-08 13:28:35","0","0","","",""
"117550","user1494396","133","2013-12-24 20:28:55","2015-04-04 18:26:06","0","0","1","0","1"
"584361","rishabh gupta","1","2018-08-15 07:55:12","2022-07-16 19:22:00","0","0","","",""
"1193491","nour zilali","1","2023-06-20 01:47:07","2023-06-20 01:47:07","0","0","","",""
"629301","Paul Dawson","1","2018-12-25 18:17:30","2019-01-02 15:25:23","0","0","","",""
"1366539","krishna chauhan","1","2024-08-01 05:50:43","2024-08-01 05:50:43","0","0","","",""
"353028","Kallil B.","1","2016-07-09 12:29:03","2016-07-09 16:51:28","0","0","","",""
"1097209","Abdullah sattar","1","2022-09-18 11:45:05","2022-09-18 11:45:05","0","0","","",""
"792229","Salmen Jaziri","1","2020-05-24 17:44:37","2020-05-24 23:13:23","0","0","","",""
"968125","Abhishek Kashyap","101","2021-09-14 19:47:10","2021-12-26 18:51:28","2","0","","",""
"658406","dolanoadriano","1","2019-03-27 19:20:09","2024-07-21 12:29:37","0","0","","",""
"677969","dantopia1","1","2019-05-28 18:49:43","2024-02-09 13:46:31","0","0","","",""
"1101413","Jake Louie Cunanan","1","2022-09-29 14:59:02","2022-09-29 14:59:02","0","0","","",""
"1414056","陳映言","1","2024-09-29 07:28:02","2024-09-29 07:28:02","0","0","","",""
"1360165","Sandra Waugh","1","2024-07-22 00:43:56","2024-07-22 00:43:56","0","0","","",""
"1113482","Ahmed Boussoffara","1","2022-10-30 10:42:05","2022-10-30 10:42:05","0","0","","",""
"1319436","Spammer","1","2024-05-05 20:25:31","2024-05-05 20:25:31","0","0","","",""
"1082892","Kelli A.","21","2022-07-31 23:18:42","2024-04-23 03:21:54","1","0","1","0","11"
"134502","joschua011","101","2014-03-10 20:59:42","2015-10-30 15:47:09","0","0","","",""
"1280920","Abhay mishra","1","2024-01-20 13:54:33","2024-01-20 13:54:33","0","0","","",""
"774854","Professor Nuke","101","2020-04-18 00:45:41","2023-10-18 20:15:41","0","0","","",""
"694085","Nam Le","1","2019-08-07 00:55:12","2019-08-07 03:10:13","0","0","","",""
"1116685","eva al","1","2022-11-07 14:14:53","2022-11-07 14:14:53","0","0","","",""
"1410218","김형문","1","2024-09-26 05:39:10","2024-09-26 05:39:10","0","0","","",""
"380559","Angham Khabeisa","1","2016-10-19 23:09:47","2016-12-05 23:03:45","0","0","","",""
"65396","Anna Smith","11","2013-03-06 20:46:50","2013-04-10 02:05:11","0","0","2","0","6"
"1285415","Simurkowski","1","2024-02-01 21:11:29","2024-02-14 21:34:04","0","0","","",""
"701004","Sanket Lalwani","1","2019-09-04 15:40:06","2019-09-04 15:40:06","0","0","","",""
"1395559","Mohammad Nafis Uddin","1","2024-09-11 16:22:26","2024-09-11 19:46:37","0","0","","",""
"154717","user2571303","1","2014-06-02 12:05:34","2015-02-24 18:12:07","0","0","","",""
"117310","user117310","11","2013-12-22 23:20:08","2013-12-26 00:37:36","0","0","0","1","0"
"987090","brave","31","2021-10-31 18:38:00","2024-11-03 16:11:18","1","0","1","0","1"
"561962","tushar attar","11","2018-05-15 06:24:32","2018-08-24 10:57:49","0","0","1","0","0"
"711474","Yao Fu","106","2019-10-05 06:01:25","2020-07-30 11:18:07","3","0","0","5","13"
"70444","Will","151","2013-04-01 15:52:07","2023-12-28 19:49:05","2","0","2","1","6"
"873400","Himachali Guru","1","2021-01-13 05:24:20","2021-01-13 05:24:20","0","0","","",""
"754584","One-Eye-Triangle","11","2020-02-26 16:57:48","2020-09-10 23:24:10","0","0","2","0","6"
"1432871","Olga K.","1","2024-10-13 13:12:55","2024-10-13 16:22:07","0","0","","",""
"1055444","user19030696","1","2022-05-07 15:20:48","2022-05-07 16:32:08","0","0","","",""
"436080","M.Dilshan","1","2017-04-12 15:15:18","2017-04-17 15:48:47","0","0","","",""
"1029940","Kanika Naik","1","2022-02-25 14:54:09","2022-03-01 05:58:47","0","0","","",""
"772130","cstrutton","101","2020-04-12 21:29:15","2020-04-20 12:37:34","0","0","1","0","0"
"6899","Khaled Nassar","125","2011-02-11 07:22:55","2017-09-27 18:21:50","7","0","2","0","9"
"1018355","Carlos Sierra","1","2022-01-25 00:25:08","2023-03-21 09:55:53","0","0","","",""
"970477","Godchi","29","2021-09-21 05:46:34","2023-09-19 05:30:35","0","0","5","0","4"
"1472911","Phil Brown","1","2024-11-12 16:31:04","2024-11-12 16:31:04","0","0","","",""
"1216382","Thuận Minh","1","2023-09-05 00:30:39","2023-12-18 06:53:09","0","0","","",""
"929990","Isak Lineekela Shawapala","1","2021-05-20 18:13:05","2021-05-20 18:45:38","0","0","","",""
"932372","ARIOLA Remo Joseph A","1","2021-05-27 09:06:51","2021-05-27 09:44:38","0","0","","",""
"723488","yossef alatter","1","2019-11-09 11:45:17","2019-11-09 11:45:17","0","0","","",""
"1136462","pauuul","1","2023-01-03 16:31:53","2023-04-21 17:57:58","0","0","","",""
"519361","Sparsh Mishra","105","2018-01-07 12:43:12","2024-11-07 23:00:36","11","0","2","0","6"
"1141817","李乐泉","1","2023-01-20 22:47:44","2023-01-21 03:54:16","0","0","","",""
"135246","nomlylni","95","2014-03-13 17:00:33","2014-03-14 17:55:11","0","0","3","0","11"
"1387135","Sabbir Hossain","1","2024-09-01 11:13:57","2024-09-02 01:44:41","0","0","","",""
"826427","tesfaldet","1","2020-09-18 07:34:39","2020-09-18 07:34:39","0","0","","",""
"354691","Steve Lee","43","2016-07-18 03:03:25","2022-01-28 23:10:37","3","0","3","0","2"
"391890","Austin L.","11","2016-11-22 06:54:02","2016-11-23 15:50:49","0","0","1","0","4"
"1007210","Mathsamanticsquest","1","2021-12-19 12:00:27","2021-12-19 12:45:46","0","0","","",""
"1313814","sam kausar","1","2024-04-20 06:52:40","2024-04-21 16:05:17","0","0","","",""
"1241169","leri","1","2023-10-25 15:53:08","2023-12-16 14:03:59","0","0","","",""
"1399898","Thái Bình Dương Bùi","1","2024-09-17 00:23:26","2024-09-17 00:23:26","0","0","","",""
"786110","Learner2000","35","2020-05-09 19:05:46","2020-10-25 01:55:28","6","0","3","0","12"
"900176","Spammer","1","2021-03-14 13:33:34","2021-03-14 13:33:34","0","0","","",""
"1215927","Ting","1","2023-09-03 19:04:22","2023-09-05 04:52:07","0","0","","",""
"1265101","Faisal Abubakar","1","2023-12-09 16:09:53","2023-12-09 16:09:53","0","0","","",""
"1389860","Semilore Aiyemomi","1","2024-09-04 16:17:30","2024-09-04 16:17:30","0","0","","",""
"10806","user10806","93","2011-05-12 12:20:15","2011-07-04 13:01:13","0","0","2","0","8"
"23717","Xonatron","371","2012-01-26 16:09:59","2023-11-08 20:25:37","90","1","2","2","11"
"1254835","messi a","1","2023-11-20 06:59:33","2023-11-20 06:59:33","0","0","","",""
"45014","Doopy Doo","103","2012-10-17 16:32:24","2012-10-19 17:33:18","0","0","1","0","0"
"487750","Jeff","1","2017-10-04 22:12:55","2019-10-15 23:47:56","0","0","","",""
"1340481","Basavaraj Kittali","23","2024-06-21 11:16:42","2024-10-14 12:41:36","1","0","2","0","5"
"962046","Eve","1","2021-08-27 02:38:55","2022-04-22 09:21:49","0","0","","",""
"604908","Emerose Salasibar","1","2018-10-16 13:55:48","2018-10-16 13:55:48","0","0","","",""
"1108554","Tyrannosaurus","1","2022-10-18 03:22:06","2024-06-23 07:29:56","0","0","","",""
"780700","Aandy Zuo","1","2020-04-29 02:37:25","2020-05-27 21:24:22","0","0","","",""
"288879","young claret","1","2015-11-10 18:39:26","2021-09-27 17:31:50","0","0","","",""
"1038737","carpediem","101","2022-03-19 14:42:26","2022-09-18 15:50:11","2","0","","",""
"109301","user109301","33","2013-11-16 19:38:26","2014-07-21 16:46:54","0","0","3","0","12"
"43653","QuteBits","1","2012-10-04 20:42:30","2013-03-31 01:17:26","0","0","","",""
"569153","user341493","101","2018-06-11 20:21:42","2018-06-11 20:21:42","0","0","","",""
"1207267","juan monje","1","2023-08-07 03:43:28","2023-08-07 03:43:28","0","0","","",""
"1357448","Arav Patnaik","47","2024-07-17 11:53:52","2024-11-16 10:11:40","41","0","2","0","9"
"119616","Joel Moreira","357","2014-01-07 17:22:30","2024-11-11 15:47:54","66","0","5","3","12"
"939459","Medhansh Agarwal","1","2021-06-10 03:25:22","2021-06-10 03:25:22","0","0","","",""
"1406424","AJ Connor","1","2024-09-23 22:36:10","2024-09-23 22:36:10","0","0","","",""
"623473","javali alfons","1","2018-12-06 09:31:16","2021-11-09 04:52:03","0","0","","",""
"530664","rykhan","101","2018-02-12 07:02:16","2018-03-28 16:49:50","0","0","","",""
"528352","R. Mamzoni","1","2018-02-05 12:00:33","2018-02-05 13:29:06","0","0","","",""
"297539","dylan1874","1","2015-12-10 08:22:07","2015-12-10 08:22:07","0","0","","",""
"157092","numberth","31","2014-06-14 19:45:38","2014-06-15 11:40:34","0","0","1","0","6"
"686933","AleManara","1","2019-07-05 18:59:28","2021-03-12 10:37:09","0","0","","",""
"1120267","Josh Pinfold","1","2022-11-16 13:14:40","2022-11-16 13:14:40","0","0","","",""
"1246532","Gabar Bawani","1","2023-11-04 15:13:57","2023-11-25 11:14:00","0","0","","",""
"837238","Fok Ming","21","2020-10-14 07:14:15","2021-02-04 12:23:41","0","0","1","0","0"
"6781","Marco","161","2011-02-08 08:34:30","2024-08-20 07:00:26","7","0","2","0","12"
"910658","GNB","1","2021-04-05 04:19:08","2021-09-26 05:44:28","0","0","","",""
"285397","123","807","2015-10-30 14:31:16","2024-08-14 19:00:18","68","2","34","0","88"
"408739","vend","1","2017-01-20 23:02:47","2017-01-28 18:46:15","0","0","1","0","4"
"1323331","samuel","1","2024-05-16 16:38:18","2024-08-24 17:02:58","0","0","","",""
"748490","asdfasdfasdf","43","2020-02-06 22:11:37","2022-03-17 21:50:36","1","0","2","0","0"
"19867","unit0","19","2011-11-21 14:25:35","2011-11-21 16:30:44","0","0","1","0","2"
"887983","Mike Wazowksi","1","2021-02-15 19:51:21","2021-11-22 11:20:21","0","0","","",""
"1262182","Utsav Kashichhwa","1","2023-12-04 03:58:03","2024-10-17 22:43:33","0","0","","",""
"692895","toine","101","2019-08-01 10:04:56","2022-07-22 13:55:08","4","0","","",""
"890151","Chloé","1","2021-02-21 01:13:32","2021-04-20 17:22:01","0","0","","",""
"1022030","Agreement","1","2022-02-04 12:26:00","2022-02-21 13:59:07","0","0","","",""
"1393799","Kristoff","1","2024-09-09 15:01:24","2024-11-06 03:48:41","0","0","","",""
"366106","Anthony Michael Cook","101","2016-09-04 08:08:10","2024-10-23 14:31:15","2","0","","",""
"833225","Spaceguy99","1","2020-10-06 19:53:22","2023-02-14 05:38:24","0","0","","",""
"1335286","Dan Jiao","1","2024-06-13 22:16:54","2024-11-13 18:40:06","0","0","","",""
"1238542","Atharva Vaidya","1","2023-10-20 16:04:30","2023-10-20 17:27:50","0","0","","",""
"1346969","鴿吉拉","1","2024-07-01 10:08:28","2024-07-01 10:08:28","0","0","","",""
"546464","Soumaditya Chaudhuri","1","2018-03-28 06:50:19","2019-04-03 04:24:02","0","0","","",""
"840474","Eric Z","1","2020-10-22 01:29:30","2024-11-05 08:28:51","0","0","1","0","6"
"648981","GIUSEPPE SIMONETTI","1","2019-02-27 13:17:55","2019-02-27 13:17:55","0","0","","",""
"18085","Jameson","113","2011-10-23 09:36:00","2011-10-27 19:33:25","1","0","2","0","4"
"251602","Daedalus","101","2015-06-30 22:48:32","2024-10-20 05:24:04","0","0","","",""
"997809","Mahul Sethi","1","2021-11-26 13:43:33","2021-11-26 13:43:33","0","0","","",""
"23016","dysonsfrog","465","2012-01-16 02:19:53","2020-11-15 07:19:17","11","1","4","3","16"
"1068750","user149804","1","2022-06-18 00:52:45","2022-06-18 00:52:45","0","0","","",""
"1044393","Ahmet Erdem","1","2022-04-04 10:22:39","2022-04-04 10:22:39","0","0","","",""
"1088326","南阳刻章_南阳本地刻章_南阳刻章公司-WZJSVA","1","2022-08-22 09:17:51","2022-08-22 09:17:51","0","0","","",""
"502277","noahbkim","131","2017-11-13 00:53:55","2018-05-08 01:55:06","0","0","1","0","16"
"145154","Jorgan","31","2014-04-23 14:03:57","2014-04-23 15:54:28","0","0","1","0","6"
"1081201","SilentGuy","101","2022-07-25 04:09:55","2024-08-03 16:38:58","0","0","","",""
"534748","Yeshwant Singh","1","2018-02-24 13:39:05","2018-03-14 14:26:42","0","0","","",""
"731553","Shepherd of Sheep","1","2019-12-04 02:35:50","2023-04-03 04:53:10","0","0","","",""
"1208086","CarlosGTV","1","2023-08-09 17:54:42","2023-08-09 17:54:42","0","0","","",""
"59799","user59799","11","2013-01-27 01:19:33","2016-05-10 03:19:10","0","0","2","0","7"
"322928","jacob","1","2016-03-15 03:37:58","2019-12-09 20:51:27","0","0","","",""
"784316","mangobuttercup","1","2020-05-05 19:57:18","2020-05-05 19:57:18","0","0","","",""
"507794","Applepine","1","2017-11-28 10:09:01","2017-11-28 10:24:04","0","0","","",""
"838402","Ariel Herrera","1","2020-10-16 21:43:44","2021-08-25 19:02:44","0","0","","",""
"1000872","MD. Khairul Islam","1","2021-12-04 15:03:25","2021-12-05 09:22:54","0","0","","",""
"1194172","ae_chan","21","2023-06-22 02:37:51","2024-06-20 04:09:15","1","0","2","0","0"
"380078","Kavar Rushikesh","1","2016-10-18 16:47:11","2022-08-06 17:26:39","0","0","","",""
"32981","dirk_22","1","2012-06-05 06:04:20","2012-07-11 01:55:05","0","0","","",""
"678954","Azbyn","25","2019-06-01 16:03:50","2023-02-05 21:34:47","4","0","2","0","2"
"586647","Oriana Spinett","1","2018-08-23 18:10:32","2019-05-16 20:39:32","0","0","","",""
"283523","user283523","11","2015-10-24 19:10:39","2015-10-24 19:10:39","0","0","1","0","3"
"861991","Mel","101","2020-12-14 10:10:09","2020-12-14 10:10:09","0","0","","",""
"1198794","evry1falls","1","2023-07-07 21:06:41","2023-07-08 11:46:35","0","0","","",""
"293341","Gideon Ebelebe","1","2015-11-25 12:44:34","2021-09-16 02:01:32","0","0","","",""
"1065607","Jeevana Brahmadandi","1","2022-06-08 08:51:17","2022-06-08 08:51:17","0","0","","",""
"1251860","imbalacharn the gamer","1","2023-11-14 13:36:08","2023-11-14 13:36:08","0","0","","",""
"814246","Arpita singh","1","2020-08-06 08:55:10","2020-08-06 08:55:10","0","0","","",""
"300521","Beleg","101","2015-12-23 08:48:26","2024-11-10 11:46:00","12","0","","",""
"768273","Jain","1","2020-04-05 12:30:06","2020-04-05 15:21:37","0","0","","",""
"1150591","steb","1","2023-02-16 01:11:53","2024-08-06 00:11:24","0","0","","",""
"1457681","Carrot","1","2024-10-31 18:51:23","2024-10-31 22:01:58","0","0","","",""
"649873","Anna","26","2019-03-02 10:21:07","2020-03-08 19:25:07","0","0","0","2","0"
"58899","banas6","303","2013-01-19 16:28:25","2013-01-23 19:40:59","1","0","3","0","11"
"1057997","Pranav Krishnan","1","2022-05-15 09:55:42","2023-12-15 04:04:03","0","0","","",""
"1205705","Rakesh Rakesh","1","2023-08-01 08:22:11","2023-08-01 08:22:11","0","0","","",""
"1454218","user23215748","1","2024-10-29 04:56:58","2024-10-29 04:56:58","0","0","","",""
"1356300","Jim","1","2024-07-15 17:57:30","2024-07-25 12:24:14","0","0","","",""
"568418","John tired","1","2018-06-08 15:41:26","2018-06-08 18:19:56","0","0","1","0","0"
"960292","rakesh phogat","1","2021-08-21 06:13:14","2021-08-21 06:13:14","0","0","","",""
"428696","Arvind","1","2017-03-23 18:25:29","2017-03-24 05:17:11","0","0","","",""
"80993","banebane","1","2013-06-04 20:11:51","2013-06-04 21:44:29","0","0","0","1","0"
"880819","Sagar Chaulagain","1","2021-01-30 03:37:16","2021-02-04 16:31:27","0","0","1","0","0"
"30937","Matthew Finlay","101","2012-05-08 23:07:02","2020-09-09 05:45:45","8","0","","",""
"432460","Tayyab","1","2017-04-04 15:37:11","2017-04-04 15:37:11","0","0","0","1","1"
"990023","Takahashi Hajimu","1","2021-11-07 04:52:04","2021-11-07 06:26:42","0","0","","",""
"567768","Max","1","2018-06-06 09:40:44","2018-07-18 16:06:41","0","0","1","0","6"
"908050","Shalom Ndhlovu","1","2021-03-29 17:57:57","2021-03-29 17:57:57","0","0","","",""
"891815","KuriGohan and Kamehameha","1","2021-02-24 12:09:18","2021-02-24 12:09:18","0","0","","",""
"688015","Htaw Kay","1","2019-07-10 16:08:05","2019-09-16 15:36:24","0","0","","",""
"336160","Prabas Gayadeeptha","3","2016-05-01 17:46:44","2019-05-15 11:40:22","0","0","1","0","2"
"12310","Peter Greene","151","2011-06-19 15:18:11","2011-06-21 14:12:34","0","0","4","0","11"
"1416222","Filiz Baydar","1","2024-09-30 17:32:13","2024-09-30 17:32:13","0","0","","",""
"107704","user107704","1","2013-11-10 04:44:32","2013-11-10 06:34:01","0","0","","",""
"403840","Yami Kanashi","703","2017-01-03 16:03:10","2022-11-15 09:14:56","71","2","53","1","153"
"1442446","Auliannisha","1","2024-10-20 12:37:39","2024-10-20 12:37:39","0","0","","",""
"649920","Eraz Ahmed","1","2019-03-02 14:24:58","2019-03-02 14:24:58","0","0","","",""
"372123","PFlood","37","2016-09-25 08:57:35","2016-09-25 09:30:36","0","0","1","0","1"
"1075936","Spammer","1","2022-07-10 13:25:14","2022-07-15 07:04:08","0","0","","",""
"1298014","NinjaSquirrel","13","2024-03-05 16:18:13","2024-03-08 12:35:41","0","0","1","0","1"
"185746","user185746","11","2014-10-20 03:06:58","2014-11-15 15:50:40","0","0","1","0","0"
"736992","Aysàr ÀbøQamêr","1","2019-12-23 22:52:08","2019-12-23 22:52:08","0","0","","",""
"1385466","Francesco Falzoni","29","2024-08-29 18:30:20","2024-10-21 15:19:41","1","0","1","0","4"
"737607","Deepu Kumari","1","2019-12-27 07:41:06","2019-12-27 07:41:06","0","0","","",""
"720413","Pol","1","2019-10-30 21:15:49","2019-11-21 20:22:00","0","0","","",""
"1364919","Vinay ram Vankudoth","1","2024-07-29 16:57:46","2024-07-29 16:57:46","0","0","","",""
"116435","user18350","1","2013-12-17 18:40:16","2013-12-17 18:40:16","0","0","","",""
"414115","Romeo ","1","2017-02-07 18:16:45","2020-08-07 11:38:03","0","0","","",""
"1449199","Clinton Nyayiemi","1","2024-10-25 03:56:39","2024-10-25 03:56:39","0","0","","",""
"1387273","Thejus","1","2024-09-01 14:42:51","2024-11-12 17:58:39","0","0","","",""
"421102","Melizza Rodiel","1","2017-03-01 04:10:36","2017-03-01 04:10:36","0","0","","",""
"1269873","Diego Cabrera Osorio","11","2023-12-17 14:16:37","2024-08-28 21:19:28","0","0","0","1","0"
"798588","Sandro Mauricio Peirano","1","2020-06-10 21:11:10","2023-01-04 17:52:31","0","0","","",""
"433278","Unification","1","2017-04-06 21:19:10","2017-05-21 20:09:08","0","0","","",""
"585809","reknirt","109","2018-08-20 17:51:15","2023-05-30 23:47:27","0","0","2","0","8"
"607191","Minsuk Sung","1","2018-10-22 18:22:12","2019-08-15 14:39:32","0","0","","",""
"998538","Murshitha Sheereen","1","2021-11-28 16:45:24","2021-11-29 10:54:54","0","0","","",""
"1141910","Razan Muhammad","1","2023-01-21 08:59:40","2023-01-21 09:53:53","0","0","","",""
"84790","linderm","1","2013-07-02 18:44:13","2018-11-19 15:41:06","0","0","","",""
"1426763","Philip Jonathan","1","2024-10-08 15:37:05","2024-11-13 16:35:40","0","0","","",""
"753769","Malikshoh Sitamov","1","2020-02-24 06:00:17","2022-02-28 15:22:43","0","0","","",""
"73781","Mills","73","2013-04-22 10:22:44","2013-04-27 03:11:39","0","0","3","0","6"
"700601","Thomas Cherickal","1","2019-09-03 06:40:10","2019-09-03 07:03:57","0","0","","",""
"1242505","albert olivas","1","2023-10-28 03:52:46","2024-10-09 05:04:46","0","0","","",""
"1171142","nitish kumar","1","2023-04-16 00:35:30","2023-04-16 00:52:24","0","0","","",""
"1046916","Erciyes Akdemir","1","2022-04-11 16:52:35","2022-04-11 17:07:39","0","0","","",""
"39396","Sean Allred","546","2012-09-04 01:01:07","2024-08-19 00:50:37","139","1","11","3","20"
"690360","oblivious","1","2019-07-21 03:43:24","2019-07-21 12:04:38","0","0","","",""
"655606","Guatomallin","1","2019-03-19 04:18:39","2019-03-19 14:42:40","0","0","","",""
"742989","Subhadeep","1","2020-01-18 16:13:25","2024-06-16 21:03:03","0","0","","",""
"746317","Andreas","21","2020-01-30 10:03:21","2020-01-31 08:13:00","0","0","0","1","0"
"782897","Curious Pinguin","1","2020-05-03 08:09:30","2020-05-24 12:53:13","0","0","","",""
"453870","Hiro","1","2017-06-09 21:33:12","2017-06-17 04:59:06","0","0","","",""
"1363662","Noone HUH","1","2024-07-27 15:02:35","2024-07-27 15:02:35","0","0","","",""
"986137","L.L.","1","2021-10-29 00:34:01","2021-12-03 22:58:29","0","0","","",""
"1017461","طه么قاتل","1","2022-01-22 09:49:05","2022-01-22 09:49:05","0","0","","",""
"627604","D.Dimov","21","2018-12-18 16:11:19","2023-09-21 11:57:20","1","0","2","0","6"
"673594","kartheek","1","2019-05-13 11:26:51","2022-02-17 10:17:55","0","0","","",""
"1308875","Fozia Tabbasum","1","2024-04-05 14:28:40","2024-04-05 14:28:40","0","0","","",""
"683526","Spark","101","2019-06-20 07:19:00","2024-08-11 02:55:17","1","0","","",""
"1093065","赵小愫","1","2022-09-06 20:28:50","2022-09-06 20:28:50","0","0","","",""
"749897","ShirRa","1","2020-02-11 15:39:26","2020-07-04 19:32:15","0","0","","",""
"195418","coolcheetah","369","2014-11-25 17:32:49","2021-08-19 20:48:59","40","0","13","1","38"
"725098","Soul","1","2019-11-14 07:38:57","2020-07-23 14:14:37","0","0","","",""
"1282221","sulaiman hassan tanko","1","2024-01-24 05:37:40","2024-02-03 19:32:57","0","0","","",""
"656576","Yahel","1","2019-03-21 19:36:49","2019-05-14 00:08:03","0","0","","",""
"962547","user283500","1","2021-08-28 22:37:41","2021-08-28 22:37:41","0","0","","",""
"454497","Sàmrì Hâbêshãwît Gãl","1","2017-06-12 11:27:58","2017-06-12 11:27:58","0","0","","",""
"462505","J. Erickson","11","2017-07-10 16:51:08","2017-07-10 18:06:32","0","0","1","0","0"
"351908","Tamil Tamil","1","2016-07-04 05:50:21","2016-10-04 05:33:12","0","0","","",""
"1102756","E W","1","2022-10-03 14:12:36","2022-10-03 14:12:36","0","0","","",""
"988917","FloatingCap","1","2021-11-04 10:37:10","2021-11-25 23:39:17","0","0","","",""
"1288047","svc","1","2024-02-09 08:59:35","2024-03-09 00:00:18","0","0","","",""
"1329026","GarlicHorse","1","2024-06-03 15:05:41","2024-11-13 14:35:01","0","0","","",""
"1014645","divinelemon","113","2022-01-13 21:27:22","2023-09-19 04:43:57","3","0","2","0","19"
"592994","urhat","1","2018-09-14 02:44:28","2018-10-04 18:45:03","0","0","","",""
"118691","ua11","121","2014-01-02 11:18:06","2014-04-05 10:28:36","4","0","3","1","12"
"472222","user472222","1","2017-08-15 19:52:37","2018-01-09 01:15:07","0","0","","",""
"740993","Ernst Chen","33","2020-01-11 06:22:35","2023-09-02 05:33:20","4","0","4","0","10"
"1265656","Therese Torres","1","2023-12-10 18:13:42","2023-12-10 18:13:42","0","0","","",""
"18845","user1567","21","2011-11-03 20:59:24","2011-11-03 20:59:24","0","0","1","0","3"
"132521","user132521","11","2014-03-02 16:14:31","2022-09-30 09:02:01","0","0","1","0","1"
"549417","koala","1","2018-04-06 04:02:12","2024-09-24 12:07:32","0","0","","",""
"60533","awendt","101","2013-02-01 10:15:19","2023-06-28 07:45:35","8","0","","",""
"994371","DARWIN CECILIO PINTADO SAAVEDR","1","2021-11-17 20:46:18","2021-11-17 20:46:18","0","0","","",""
"658536","ardasevinc","1","2019-03-28 06:49:26","2019-09-22 09:06:56","0","0","","",""
"423582","user10211239","53","2017-03-08 15:55:34","2020-08-13 20:26:38","1","0","2","0","6"
"433455","정일융","1","2017-04-07 10:49:34","2017-04-07 10:49:34","0","0","","",""
"1128667","mg1100","1","2022-12-08 13:46:55","2022-12-09 15:56:04","0","0","","",""
"1142359","conatus","21","2023-01-23 00:16:33","2023-11-27 02:44:07","0","0","1","0","3"
"331840","Mateck","43","2016-04-15 20:49:32","2022-08-27 10:33:10","0","0","4","0","3"
"1036983","MEhul PAndey","1","2022-03-17 03:54:18","2022-03-17 09:09:00","0","0","","",""
"1080412","Mridul Agrawal","1","2022-07-21 19:46:11","2024-10-18 23:19:04","0","0","","",""
"511526","Gregg","313","2017-12-08 10:03:30","2024-10-31 17:51:36","30","0","7","3","15"
"723640","Dustin","1","2019-11-09 21:44:28","2019-11-09 21:44:28","0","0","0","1","1"
"1130651","Tenial","63","2022-12-13 20:04:31","2022-12-17 17:34:31","1","0","4","0","21"
"403430","emerald","23","2017-01-02 01:32:15","2021-02-22 00:14:51","0","0","1","0","1"
"1018319","HanayoZz","1","2022-01-24 21:34:17","2024-09-06 02:56:18","0","0","1","0","4"
"453503","vandre","101","2017-06-08 16:04:44","2023-04-20 23:23:29","0","0","","",""
"1280251","Jacob T Mills","1","2024-01-18 14:10:24","2024-09-24 19:46:10","0","0","","",""
"968806","Fahim Al Muntasir","1","2021-09-16 14:34:32","2021-09-16 14:34:32","0","0","","",""
"419415","Yaqing Wu","1","2017-02-23 20:39:00","2017-04-11 17:48:28","0","0","","",""
"957476","Antonio Mg","1","2021-08-10 18:15:01","2023-07-03 04:30:35","0","0","","",""
"297015","G. Faveroth","1","2015-12-08 16:41:56","2016-01-21 20:30:24","0","0","","",""
"142307","user142307","11","2014-04-10 20:48:38","2014-12-03 02:25:10","0","0","1","0","1"
"1336617","Luciano Moime","1","2024-06-15 23:34:37","2024-06-16 11:00:36","0","0","","",""
"1051772","Daryl Jade Palmero","1","2022-04-26 03:12:37","2022-04-26 03:12:37","0","0","","",""
"1258751","Vanshika Pandya","1","2023-11-27 15:35:28","2024-08-15 15:46:04","0","0","","",""
"595424","IronMarshal","1","2018-09-20 23:05:13","2020-10-15 16:08:10","0","0","","",""
"101197","heinz","31","2013-10-16 11:10:48","2013-11-07 10:10:05","0","0","2","0","8"
"817650","Zero449","1","2020-08-19 23:05:29","2020-08-20 00:17:59","0","0","","",""
"738256","CH Joe ","1","2019-12-30 11:04:27","2019-12-30 11:04:27","0","0","","",""
"886151","imran-prog","1","2021-02-11 09:36:32","2021-02-11 09:36:32","0","0","","",""
"695909","Ganesh Mahadevan","1","2019-08-15 04:01:36","2020-07-08 02:17:55","0","0","","",""
"1228687","Taran Chandel","1","2023-10-02 01:20:17","2023-10-16 03:52:26","0","0","","",""
"802979","Mubeen Akhtar","1","2020-06-24 07:33:04","2020-06-24 09:17:29","0","0","","",""
"279196","Bass Ling","21","2015-10-11 13:50:58","2015-10-19 08:26:43","0","0","1","1","5"
"395752","Brie Wheeler","1","2016-12-04 01:12:57","2016-12-04 01:43:20","0","0","1","0","1"
"1461080","Charles Kennedy","1","2024-11-03 21:44:08","2024-11-03 21:44:08","0","0","","",""
"198782","Jeremy","1","2014-12-09 05:31:24","2015-06-01 16:06:12","0","0","1","0","4"
"315254","Jazzbear","1","2016-02-17 12:16:55","2018-03-21 10:59:07","0","0","","",""
"568719","J. Doe","33","2018-06-10 01:34:57","2020-10-30 17:47:40","0","0","1","0","0"
"700837","Ovwie Edafe","1","2019-09-04 01:20:01","2019-09-17 23:32:23","0","0","","",""
"1311216","kali laycock","1","2024-04-12 15:57:01","2024-04-12 18:15:23","0","0","","",""
"120261","isaac.mailach","1","2014-01-09 21:02:37","2015-10-15 21:23:17","0","0","","",""
"1375715","Obama GP","1","2024-08-16 02:36:46","2024-08-16 02:36:46","0","0","","",""
"947851","Anthony","1","2021-07-06 23:08:47","2021-08-22 18:05:49","0","0","0","1","2"
"1020727","mrWalker","13","2022-01-31 23:17:25","2022-06-23 11:45:18","0","0","1","0","4"
"1395774","realgreathero","1","2024-09-11 21:09:16","2024-10-27 21:18:53","0","0","","",""
"641138","Sergey Brutyan","1","2019-02-03 12:05:59","2019-02-25 18:41:46","0","0","","",""
"766616","Nikos Tzianas","101","2020-04-01 22:47:35","2023-02-15 19:21:34","2","0","","",""
"720259","Ahmed","1","2019-10-30 14:14:53","2020-08-17 11:53:30","0","0","","",""
"841296","alan","1","2020-10-24 02:15:00","2024-09-30 23:25:38","0","0","","",""
"551742","jai vignesh","1","2018-04-12 16:56:28","2018-05-21 14:56:01","0","0","","",""
"19700","Matthias Klupsch","9692","2011-11-18 15:14:20","2024-11-12 21:00:18","194","13","10","254","384"
"872616","SUA","1","2021-01-11 10:14:58","2021-01-11 10:14:58","0","0","","",""
"1121219","Itzel Cristerna 0586","1","2022-11-18 19:52:58","2022-11-18 19:52:58","0","0","","",""
"572493","AnyThoughts","1","2018-06-27 00:07:13","2022-08-25 04:29:22","0","0","","",""
"502035","spy95","27","2017-11-12 11:15:05","2022-06-29 11:36:07","8","0","3","0","12"
"128102","user128102","1","2014-02-12 00:55:30","2014-02-12 00:55:30","0","0","1","0","1"
"5549","jowido","101","2011-01-09 18:26:34","2019-03-05 14:01:51","2","0","","",""
"774401","random","11","2020-04-17 05:52:46","2021-05-21 07:40:41","0","0","1","1","3"
"1033756","user2649762","133","2022-03-08 09:53:44","2023-04-20 17:32:32","0","0","2","0","4"
"615796","Priyadarshini Balamurugan","1","2018-11-14 17:21:30","2018-11-14 17:38:19","0","0","","",""
"1457580","Otsile Motuba","1","2024-10-31 17:10:49","2024-10-31 17:10:49","0","0","","",""
"617336","John","1","2018-11-19 03:14:10","2018-11-19 23:36:41","0","0","","",""
"1468777","Faizal Armindo Guilundo","1","2024-11-09 13:49:47","2024-11-09 19:13:05","0","0","","",""
"694257","Nandan Rao","101","2019-08-07 16:51:34","2024-04-19 21:17:04","0","0","","",""
"858141","Sam Sparrow","1","2020-12-06 13:47:48","2020-12-07 08:11:35","0","0","","",""
"994734","René Bekker","1","2021-11-18 15:55:26","2021-11-18 23:16:03","0","0","","",""
"71322","user71322","41","2013-04-06 21:30:18","2013-04-07 16:58:08","0","0","1","0","4"
"1438423","Vald1sss","1","2024-10-17 08:09:10","2024-10-17 08:09:10","0","0","","",""
"70649","dips","11","2013-04-02 17:49:33","2013-04-27 16:58:32","0","0","0","1","2"
"102711","Pele","13","2013-10-23 09:09:18","2013-12-05 04:18:56","0","0","2","0","6"
"608149","Chipo Mbizi","1","2018-10-24 20:36:01","2018-10-24 20:36:01","0","0","","",""
"262092","Nigel1","657","2015-08-14 16:05:42","2024-11-15 15:41:23","22","0","29","0","45"
"1383594","Crizylle Macapillar","1","2024-08-27 12:40:41","2024-08-27 12:40:41","0","0","","",""
"1040247","Ziwei Wang","1","2022-03-23 19:52:32","2022-07-07 10:54:29","0","0","","",""
"946771","Gobinda Chandra","1","2021-07-03 07:12:04","2021-09-01 11:58:50","0","0","","",""
"1355146","Никита Куликов","1","2024-07-13 20:02:47","2024-11-02 09:37:53","0","0","","",""
"678213","Xileflix","331","2019-05-29 15:33:29","2024-09-05 12:49:05","16","0","0","9","7"
"1013863","Sylvia chen","1","2022-01-11 17:46:39","2022-01-20 22:26:13","0","0","","",""
"99129","Vivek Bhusal","111","2013-10-06 12:07:01","2015-05-09 02:46:01","0","0","1","0","0"
"107723","user107723","558","2013-11-10 06:47:45","2023-11-21 08:39:45","32","1","23","0","46"
"838328","Danessely","3","2020-10-16 17:02:56","2023-06-14 15:35:34","0","0","2","0","5"
"913326","yeo1um","1","2021-04-11 06:03:54","2021-04-11 16:49:42","0","0","","",""
"590876","KEVIN DLL","239","2018-09-07 11:23:52","2019-07-10 10:16:25","8","0","14","0","34"
"546349","Ta'z Eem","1","2018-03-27 21:23:06","2018-07-04 04:19:32","0","0","","",""
"1286975","Augustine Ouru","1","2024-02-06 14:01:06","2024-04-14 16:19:58","0","0","","",""
"243957","Triak","141","2015-05-27 19:50:10","2020-04-18 18:49:28","4","0","2","0","6"
"622990","Shadaye Henry","1","2018-12-05 01:40:09","2018-12-05 01:40:09","0","0","","",""
"1420464","Zahin Ahossan","1","2024-10-03 17:34:58","2024-10-03 17:34:58","0","0","","",""
"1209284","Adler","1","2023-08-14 03:02:37","2023-08-14 04:44:45","0","0","","",""
"693899","Lowanna","11","2019-08-06 06:38:51","2019-08-06 09:21:05","0","0","1","0","5"
"712491","Jane","1","2019-10-08 09:08:22","2019-10-09 10:01:43","0","0","","",""
"661161","GarethSt","21","2019-04-05 12:09:47","2019-04-18 12:16:31","0","0","1","0","1"
"722158","Iaroslav Domin","101","2019-11-05 10:19:22","2021-05-14 19:48:41","0","0","","",""
"472278","WU ZB","1","2017-08-16 03:05:55","2017-08-16 03:05:55","0","0","","",""
"579680","Flexo013","101","2018-07-26 09:06:02","2019-11-26 09:13:00","2","0","","",""
"467081","pixelou","101","2017-07-25 14:11:35","2023-03-08 08:43:23","0","0","","",""
"788886","Brian Kim","43","2020-05-15 22:37:20","2020-08-13 07:09:16","0","0","1","0","1"
"195345","Muqaddas Javed","269","2014-11-25 10:52:15","2014-11-25 10:52:15","0","0","0","1","3"
"1379359","user1379359","1","2024-08-21 16:56:41","2024-08-21 16:56:41","0","0","","",""
"1386978","Wajih Syed","1","2024-09-01 06:11:18","2024-10-24 05:05:05","0","0","","",""
"1122105","Chamika Udagedara","1","2022-11-21 06:46:05","2022-11-21 06:46:05","0","0","","",""
"1065505","Nicole Louise","1","2022-06-08 01:27:24","2022-06-08 02:06:27","0","0","","",""
"1362332","Takara Matsuura","1","2024-07-25 10:00:19","2024-07-25 10:00:19","0","0","","",""
"133473","xz330","19","2014-03-06 06:41:55","2014-05-11 05:36:23","0","0","3","0","21"
"776462","SOMVIR MAAN","1","2020-04-21 06:29:26","2020-04-21 06:29:26","0","0","","",""
"738352","S Lee","21","2019-12-30 19:58:08","2020-03-13 19:05:31","0","0","1","0","0"
"429842","Fraelich ","1","2017-03-27 16:22:42","2021-12-13 17:18:55","0","0","","",""
"1449070","MUSHFIQUE MIR","1","2024-10-25 00:56:52","2024-10-25 00:56:52","0","0","","",""
"802978","W.Perrin","101","2020-06-24 07:21:28","2020-06-29 06:23:18","0","0","","",""
"1450486","Sonal Binay Munda","1","2024-10-26 05:51:13","2024-10-26 05:51:13","0","0","","",""
"708893","Nguyễn Thùy Dương","1","2019-09-26 14:45:02","2020-04-06 08:13:36","0","0","","",""
"207451","shingote","1","2015-01-12 20:42:10","2018-06-08 17:59:34","0","0","","",""
"1255419","it's your boy","1","2023-11-21 06:48:09","2023-11-21 06:48:09","0","0","","",""
"1183294","Mark Miller","1","2023-05-20 16:07:37","2023-05-20 16:07:37","0","0","","",""
"42070","p_strand","101","2012-09-21 14:34:14","2012-10-20 18:29:00","0","0","","",""
"943541","Anirudh karanam","1","2021-06-22 09:57:43","2023-06-03 00:57:38","0","0","","",""
"1047658","Wenyao Ma","1","2022-04-13 17:07:58","2023-10-23 13:26:43","0","0","","",""
"1018719","Marvin Adams","1","2022-01-26 01:28:13","2022-01-26 18:42:41","0","0","","",""
"776041","Adam Holzman","1","2020-04-20 12:22:04","2020-04-23 10:34:45","0","0","","",""
"834161","Cristian David ESPITIA LOZANO","1","2020-10-09 01:11:51","2020-10-09 01:11:51","0","0","","",""
"971703","kishan rocks","1","2021-09-24 05:17:15","2021-09-24 06:41:35","0","0","","",""
"419720","Richard Lartey","1","2017-02-24 19:28:05","2017-03-03 06:34:03","0","0","","",""
"1066375","Naw Kham","1","2022-06-10 13:50:16","2022-06-10 13:50:16","0","0","","",""
"676405","saturn","1","2019-05-22 19:02:51","2019-05-22 19:02:51","0","0","","",""
"932467","Aureca","1","2021-05-27 13:55:45","2021-05-27 16:42:17","0","0","","",""
"404900","Sandeep Sharma","101","2017-01-07 15:11:16","2019-06-23 20:56:16","0","0","","",""
"513225","Alina ","1","2017-12-13 13:42:26","2017-12-18 14:30:27","0","0","","",""
"628453","Mohamed amine","1","2018-12-21 18:44:25","2018-12-29 21:48:54","0","0","","",""
"339864","EMerckx","1","2016-05-16 01:56:54","2016-08-28 01:22:41","0","0","","",""
"165841","Wade","173","2014-07-22 23:39:38","2014-10-24 06:11:55","1","0","2","0","6"
"514540","Sakshi Malhotra","1","2017-12-18 08:33:48","2018-05-19 22:04:37","0","0","1","0","4"
"223206","trifork","13","2015-03-13 01:42:16","2017-02-27 21:07:35","0","0","1","0","3"
"1127821","Amay Bhatnagar","1","2022-12-06 07:38:49","2022-12-06 08:19:48","0","0","","",""
"238063","Jimi","1","2015-05-05 13:36:25","2015-05-05 14:08:11","0","0","1","0","5"
"1080070","Edson Silva","1","2022-07-20 14:49:29","2022-09-14 19:42:11","0","0","","",""
"1272822","Rafael Manocchio","1","2023-12-27 00:21:34","2024-01-07 15:32:16","0","0","","",""
"770462","Derek Lai","1","2020-04-09 12:46:17","2020-08-02 09:31:29","0","0","","",""
"1400229","Cranium07","1","2024-09-17 10:15:50","2024-09-17 10:15:50","0","0","","",""
"810070","Spammer","1","2020-07-20 04:19:49","2020-07-20 04:19:49","0","0","","",""
"1386449","Gold Wing Garage Door Repair","1","2024-08-31 08:03:15","2024-08-31 08:03:15","0","0","","",""
"484818","Pramod Kumar","1","2017-09-26 16:37:36","2017-09-26 16:37:36","0","0","","",""
"980077","Vinsanityjr","1","2021-10-14 15:07:05","2024-05-09 19:14:34","0","0","","",""
"315825","Arctix","29","2016-02-19 04:37:23","2016-02-19 13:37:34","0","0","4","0","8"
"1253284","Soliyana ","1","2023-11-17 02:36:16","2023-11-17 02:36:16","0","0","","",""
"490884","John Doe","73","2017-10-13 03:35:16","2018-03-26 19:31:43","0","0","8","0","18"
"1112676","Alondra Mendez","1","2022-10-28 04:30:18","2022-10-28 04:30:18","0","0","","",""
"632424","Andy","1","2019-01-07 11:16:53","2019-01-11 03:01:31","0","0","","",""
"177194","user3792934","1","2014-09-19 06:49:23","2020-05-12 15:08:35","0","0","","",""
"571410","Ryan Larson","1","2018-06-21 17:01:16","2019-04-22 14:50:57","0","0","","",""
"70292","user1480431","1","2013-03-31 15:57:57","2015-11-04 17:43:25","0","0","","",""
"606324","Landon Chambers","1","2018-10-20 13:54:25","2024-04-11 22:47:08","0","0","","",""
"1157542","Suqik","1","2023-03-08 01:37:20","2024-02-01 03:08:04","0","0","","",""
"884634","900edges","2187","2021-02-08 02:20:20","2024-11-16 03:21:33","859","6","110","23","407"
"1381171","Gavin Hlaing","1","2024-08-24 11:43:28","2024-08-24 11:43:28","0","0","","",""
"467582","Islam Ahmed","1","2017-07-27 10:22:42","2017-07-27 12:44:44","0","0","","",""
"1109779","flyingbutterfly","31","2022-10-20 23:01:26","2023-02-27 01:16:35","0","0","2","0","5"
"650345","Manuel Flores","1","2019-03-03 20:26:10","2019-03-03 20:26:10","0","0","","",""
"843093","Mattew","1","2020-10-28 21:21:54","2020-12-06 12:02:54","0","0","","",""
"775373","محمد البهادلي","1","2020-04-19 05:08:43","2020-05-27 12:52:30","0","0","","",""
"691077","AM13","2549","2019-07-24 04:34:01","2024-11-16 02:58:29","259","61","50","71","140"
"790097","Johnny Samuel Aparicio Valle","1","2020-05-19 04:09:50","2020-11-26 04:16:37","0","0","","",""
"1398543","Ayush Raj","1","2024-09-15 10:49:13","2024-09-15 10:49:13","0","0","","",""
"547329","mathsHelp","11","2018-03-30 17:26:36","2018-03-30 18:01:42","0","0","1","1","4"
"518114","Ivan Leontiev","1","2018-01-02 23:18:58","2019-10-06 14:17:36","0","0","","",""
"1289319","Cannabis and anxiety relief","1","2024-02-13 05:07:26","2024-02-13 05:07:26","0","0","","",""
"1404187","Othniel Otu","1","2024-09-21 14:42:29","2024-09-21 14:42:29","0","0","","",""
"876252","user12410483","1","2021-01-19 20:21:38","2021-02-10 12:08:22","0","0","","",""
"692112","Ong Jin Bin","1","2019-07-29 02:19:30","2020-10-15 16:59:42","0","0","","",""
"931781","rebin mohammed","1","2021-05-25 18:49:16","2023-12-30 16:15:34","0","0","","",""
"1442606","Yousef Ahmed","1","2024-10-20 14:23:50","2024-10-20 14:23:50","0","0","","",""
"800999","50005","1","2020-06-18 05:33:29","2023-01-11 12:48:43","0","0","0","1","0"
"998126","Qudsia Afroz","1","2021-11-27 12:28:46","2021-11-27 12:28:46","0","0","","",""
"1157413","Nala","1","2023-03-07 15:53:25","2023-04-05 08:42:17","0","0","","",""
"337140","Erik Grenée","1","2016-05-05 04:35:04","2016-05-05 04:35:04","0","0","","",""
"499684","Gabe M.","1","2017-11-05 22:22:55","2017-11-05 22:22:55","0","0","","",""
"1452820","Sharda Thakre","1","2024-10-28 04:55:32","2024-10-28 06:45:01","0","0","","",""
"841092","Gehenna","1","2020-10-23 13:53:49","2020-11-08 14:30:47","0","0","","",""
"1384628","Kabyo Das Moon","1","2024-08-28 17:03:22","2024-08-28 17:03:22","0","0","","",""
"196303","lksz23","43","2014-11-29 12:28:39","2014-11-30 14:51:43","0","0","2","0","5"
"867867","Jonathan Winawer","1","2020-12-29 05:49:57","2021-01-04 16:41:46","0","0","","",""
"1106816","Yu Dong Wang","27","2022-10-14 01:34:15","2022-11-02 02:54:48","0","0","1","0","4"
"791004","미기화이팅","1","2020-05-21 08:20:10","2020-05-21 08:48:06","0","0","","",""
"877649","Emma ","1","2021-01-22 18:44:07","2021-01-22 18:44:07","0","0","","",""
"414459","Bl409","11","2017-02-08 17:41:02","2017-02-08 23:50:04","0","0","1","0","2"
"726528","Muhammed Jaarsoo","1","2019-11-18 14:26:00","2019-11-20 19:01:08","0","0","","",""
"842761","Oswaldo Camacho Pérez","1","2020-10-28 05:12:14","2020-10-28 05:12:14","0","0","1","0","5"
"1347098","yun zhuorui","1","2024-07-01 14:05:13","2024-11-15 13:47:39","0","0","","",""
"1462459","Louiza Benacer","1","2024-11-04 20:18:14","2024-11-04 20:18:14","0","0","","",""
"406658","Samveed-31","1","2017-01-13 17:28:13","2021-10-13 01:02:58","0","0","","",""
"59861","M.B","1","2013-01-27 17:06:45","2013-01-28 16:01:20","0","0","","",""
"653482","Almurotov Firdavs","1","2019-03-12 17:15:39","2024-09-27 15:39:12","0","0","","",""
"705195","Omar El Mesaoudi","1","2019-09-15 13:32:25","2019-10-24 20:22:17","0","0","","",""
"883753","rugplots","1","2021-02-05 19:12:41","2021-08-24 20:07:03","0","0","","",""
"402175","antale","1","2016-12-27 10:44:49","2022-10-27 07:20:33","0","0","","",""
"262193","Kumarta","131","2015-08-15 07:56:11","2015-08-15 08:16:26","0","0","1","0","0"
"460611","Nithin Prasad","1","2017-07-06 17:42:42","2018-05-14 06:24:36","0","0","","",""
"1105772","Stang Singthaweesak","1","2022-10-11 11:13:08","2022-10-11 11:13:08","0","0","","",""
"127869","user3296322","111","2014-02-11 08:38:14","2014-02-12 00:39:07","0","0","1","0","2"
"375253","Daniel Esteban Ladino Torres","113","2016-10-04 22:26:45","2019-04-06 16:41:14","0","0","1","0","1"
"596955","Lincoln Lo","21","2018-09-25 10:05:02","2019-10-22 15:20:54","0","0","1","0","7"
"424289","ISOAnswers","1","2017-03-10 16:25:32","2023-03-01 21:37:49","0","0","","",""
"725524","eagle275","101","2019-11-15 12:08:00","2020-05-27 08:59:39","0","0","","",""
"917276","Luapulu","121","2021-04-20 06:42:34","2022-03-28 04:50:24","0","0","0","1","0"
"291276","Chitrarth","1","2015-11-18 11:43:24","2016-01-26 12:29:15","0","0","","",""
"18820","Dan Aloni","101","2011-11-03 17:10:16","2020-04-01 06:15:14","0","0","","",""
"535540","MauricioF123","1","2018-02-27 02:13:52","2018-03-01 00:03:06","0","0","","",""
"1251640","Aisyah Putri Kamalia","1","2023-11-14 05:00:39","2023-11-14 05:00:39","0","0","","",""
"544308","Gonzalo Vegas Sánchez-Ferrero","1","2018-03-21 19:50:14","2024-08-21 20:20:52","0","0","","",""
"180512","Henrique Gonçalves","101","2014-10-02 18:31:55","2015-04-16 11:33:06","0","0","","",""
"1049686","Marxmas","1","2022-04-19 22:09:41","2024-11-06 22:54:51","0","0","","",""
"179507","susan","51","2014-09-28 23:02:08","2014-09-29 03:31:20","0","0","1","0","4"
"1246203","M.B.UU.1999","1","2023-11-03 22:25:04","2024-11-02 15:04:21","0","0","","",""
"1185207","σκουλήκι","21","2023-05-26 17:54:03","2024-04-24 13:35:46","1","0","2","0","1"
"67830","Peter Herdenborg","123","2013-03-21 11:35:05","2024-08-13 08:05:17","1","0","1","0","0"
"1296943","Poturam Mohanto Tushar","1","2024-03-02 17:38:51","2024-03-04 19:45:01","0","0","","",""
"1454842","Principal AMC","1","2024-10-29 14:34:22","2024-11-01 15:57:52","0","0","","",""
"117318","matias","322","2013-12-23 00:50:02","2022-11-28 13:40:57","11","0","0","11","2"
"26795","Nate","307","2012-03-13 03:37:42","2014-04-20 08:22:08","4","0","4","0","26"
"1285460","Cortezano Ian James G.","1","2024-02-02 01:47:56","2024-02-02 01:47:56","0","0","","",""
"1377563","Devender Narwal","1","2024-08-19 06:15:21","2024-08-19 06:15:21","0","0","","",""
"1327449","Kris Yotam","1","2024-05-29 11:09:22","2024-10-15 07:20:57","0","0","","",""
"549775","Satan","1","2018-04-07 06:44:25","2018-04-27 11:02:40","0","0","","",""
"754434","Nikita Safonkin","191","2020-02-26 07:00:15","2024-11-14 14:43:29","31","0","3","1","4"
"203227","Joseph Martin","759","2014-12-25 22:34:16","2024-04-16 23:15:49","79","13","1","34","31"
"314675","LA. Dufrene","21","2016-02-15 16:12:44","2022-09-28 13:57:38","0","0","1","1","9"
"431602","James","109","2017-04-02 07:45:42","2017-04-02 10:58:56","0","0","1","0","3"
"1381123","Robert Collins","1","2024-08-24 10:25:50","2024-08-24 10:25:50","0","0","","",""
"954913","suraj ture","1","2021-08-01 10:26:28","2021-08-02 09:11:17","0","0","","",""
"842942","Usman Hassan","1","2020-10-28 14:41:05","2021-03-22 13:46:06","0","0","","",""
"546024","Practical Mediocrity","1","2018-03-26 21:27:45","2018-05-19 20:30:03","0","0","","",""
"305355","Juca Batista","3","2016-01-15 11:49:36","2016-01-16 08:11:18","0","0","1","0","0"
"916503","Vanderson Augusto","1","2021-04-18 13:59:35","2021-04-18 13:59:35","0","0","","",""
"1463600","Melanie Phillips","1","2024-11-05 15:38:19","2024-11-05 16:21:38","0","0","","",""
"11785","Honghao","993","2011-06-05 18:32:36","2015-08-29 06:07:01","12","0","9","0","15"
"480178","Emmanuel Arhin","1","2017-09-13 07:01:04","2019-04-22 15:38:36","0","0","","",""
"1166248","Peter","1","2023-04-01 14:18:08","2023-05-17 19:46:36","0","0","","",""
"1403650","Lisa Green","1","2024-09-20 21:18:14","2024-09-20 21:18:14","0","0","","",""
"762764","Si Yu Yang","1","2020-03-24 08:41:42","2020-05-26 05:13:25","0","0","","",""
"1079206","peace of dragon official","1","2022-07-17 16:20:09","2022-07-17 16:20:09","0","0","","",""
"1244099","Mehrad Rad","1","2023-10-31 03:45:24","2024-01-29 05:18:23","0","0","","",""
"1425855","Wilton Fleming","1","2024-10-08 00:48:46","2024-10-08 00:48:46","0","0","","",""
"909613","Wachaga Mwaura","101","2021-04-02 09:39:43","2024-04-23 16:38:26","0","0","","",""
"465087","yosu","21","2017-07-21 10:06:25","2024-09-30 20:39:44","0","0","3","0","5"
"751985","zzz","1","2020-02-18 12:06:30","2022-04-10 11:43:51","0","0","","",""
"1158473","Andrew Jordan","1","2023-03-10 15:25:35","2023-03-14 13:33:58","0","0","","",""
"504378","Andrew Hung","1","2017-11-18 14:20:06","2018-05-18 03:24:53","0","0","1","0","2"
"635767","Mitja Mandić","1","2019-01-17 18:31:57","2020-06-29 15:00:04","0","0","","",""
"1475160","NABILLA PUTRI ANDINI 1","1","2024-11-14 07:45:16","2024-11-14 07:45:16","0","0","","",""
"1052155","Memeeemmmm","1","2022-04-27 05:16:39","2022-05-26 06:16:42","0","0","","",""
"1124587","Sam Sapiel","1","2022-11-27 21:15:24","2023-07-10 13:14:32","0","0","","",""
"8011","vidstige","123","2011-03-09 12:52:16","2024-10-26 19:20:47","73","0","3","2","6"
"645209","behosseini","1","2019-02-15 22:38:13","2019-06-11 23:39:55","0","0","","",""
"391654","CJ  Herath","1","2016-11-21 15:10:52","2016-11-21 15:31:14","0","0","","",""
"790513","Kered","1","2020-05-20 03:48:38","2022-01-13 19:30:24","0","0","","",""
"730658","nickleout","1","2019-12-01 12:16:52","2020-02-12 19:05:14","0","0","","",""
"668300","PhysicsBish","464","2019-04-25 05:17:43","2020-11-18 07:54:34","21","0","31","1","80"
"1173164","szhang","1","2023-04-21 13:23:27","2023-05-16 22:47:31","0","0","","",""
"561145","Shivansh Singh Bisht","1","2018-05-12 06:35:17","2024-05-09 23:13:11","0","0","","",""
"637683","Marta Fornasier","113","2019-01-23 21:14:08","2021-06-08 10:33:39","1","0","2","0","2"
"454759","Salman","1","2017-06-13 12:19:52","2017-06-17 15:30:58","0","0","","",""
"1107532","vita halimatussa'diah","1","2022-10-15 13:27:55","2022-12-02 04:15:04","0","0","","",""
"1069134","white","21","2022-06-19 06:51:54","2024-09-02 12:28:22","0","0","1","0","6"
"518408","mitch","11","2018-01-03 23:22:28","2018-01-04 02:21:32","0","0","0","1","0"
"1422756","Tsur Herman","1","2024-10-05 15:21:11","2024-10-05 15:21:11","0","0","","",""
"125762","Mathew","33","2014-02-03 03:58:33","2014-11-17 06:40:59","0","0","1","0","0"
"978246","Babak","1","2021-10-10 06:54:30","2021-12-31 20:52:42","1","0","","",""
"878259","QR7","1","2021-01-24 13:16:49","2021-02-21 16:53:52","0","0","1","0","2"
"1362895","Pragya Choubey","1","2024-07-26 06:08:02","2024-10-16 11:31:18","0","0","","",""
"420202","Piji","149","2017-02-26 15:25:29","2023-02-20 01:48:24","4","0","0","1","4"
"1152377","Hardik Siddha","1","2023-02-21 11:55:38","2023-02-21 11:55:38","0","0","","",""
"160711","arashi01","101","2014-06-29 11:38:05","2015-10-18 16:27:47","2","0","","",""
"1449027","daniela togachensko","1","2024-10-25 00:06:32","2024-10-25 00:06:32","0","0","","",""
"628684","Bassie-c","103","2018-12-22 20:07:18","2024-06-13 00:43:20","0","0","","",""
"901462","مرفت اغبارية","1","2021-03-17 06:26:39","2021-04-30 12:30:03","0","0","","",""
"137957","user137957","139","2014-03-25 19:49:10","2024-01-28 00:18:21","1","0","7","0","33"
"1170772","Sikhanyiso Thembokuhle","1","2023-04-14 17:53:48","2023-04-14 17:53:48","0","0","","",""
"862862","Noah R.","3","2020-12-16 03:06:14","2023-03-03 18:23:13","0","0","1","0","0"
"73571","Bandeira","73","2013-04-20 22:46:00","2013-04-20 23:50:20","2","0","1","0","0"
"1292107","Jhon","1","2024-02-20 21:26:50","2024-11-16 21:56:12","0","0","","",""
"130312","user3180664","101","2014-02-20 20:19:06","2019-01-08 20:45:26","0","0","","",""
"497106","KA KU","1","2017-10-29 18:38:25","2018-11-05 10:03:15","0","0","","",""
"526082","Nikhil Choudhary","1","2018-01-29 13:22:09","2018-01-29 13:22:09","0","0","","",""
"958500","zhang2021","1","2021-08-14 12:40:18","2021-08-29 05:15:03","0","0","","",""
"656301","che cao","1","2019-03-21 01:22:34","2024-08-03 04:29:04","0","0","","",""
"817041","SIHAB SAHARIAR","1","2020-08-17 18:07:17","2020-09-05 04:36:23","0","0","","",""
"1421592","Marley Palmer","1","2024-10-04 14:18:36","2024-10-23 15:42:52","0","0","","",""
"1150474","Zuberi Ayubu","1","2023-02-15 18:29:49","2023-03-14 15:50:06","0","0","","",""
"641563","Sourav Kr Ghosh","1","2019-02-04 19:27:30","2019-04-29 14:03:57","0","0","","",""
"1085089","leibyj","1","2022-08-09 15:17:15","2022-08-09 15:17:15","0","0","","",""
"1316630","Divyansh Mishra","1","2024-04-27 20:24:10","2024-09-04 06:03:35","0","0","","",""
"812824","Indrajeet Chakraborty","1","2020-07-31 05:19:53","2020-07-31 05:19:53","0","0","","",""
"848450","K-2liz","21","2020-11-11 20:26:37","2024-10-25 13:59:20","11","0","2","1","3"
"1238498","Hhhbg","1","2023-10-20 14:44:06","2023-10-20 15:03:23","0","0","","",""
"457270","ande","1","2017-06-23 08:15:52","2018-11-03 14:30:58","0","0","","",""